-- phpMyAdmin SQL Dump
-- version 4.3.8
-- http://www.phpmyadmin.net
--
-- Host: localhost
-- Generation Time: Aug 31, 2015 at 12:44 AM
-- Server version: 5.5.42-37.1
-- PHP Version: 5.4.23

SET SQL_MODE = "NO_AUTO_VALUE_ON_ZERO";
SET time_zone = "+00:00";


/*!40101 SET @OLD_CHARACTER_SET_CLIENT=@@CHARACTER_SET_CLIENT */;
/*!40101 SET @OLD_CHARACTER_SET_RESULTS=@@CHARACTER_SET_RESULTS */;
/*!40101 SET @OLD_COLLATION_CONNECTION=@@COLLATION_CONNECTION */;
/*!40101 SET NAMES utf8 */;

--
-- Database: `chakaran_accomm`
--

-- --------------------------------------------------------

--
-- Table structure for table `customer`
--

CREATE TABLE IF NOT EXISTS `customer` (
  `cust_id` int(250) NOT NULL,
  `fname` varchar(250) NOT NULL,
  `mname` varchar(250) NOT NULL,
  `lname` varchar(250) NOT NULL,
  `email_address` varchar(250) NOT NULL,
  `phone_no` varchar(250) NOT NULL
) ENGINE=InnoDB AUTO_INCREMENT=275 DEFAULT CHARSET=latin1;

--
-- Dumping data for table `customer`
--

INSERT INTO `customer` (`cust_id`, `fname`, `mname`, `lname`, `email_address`, `phone_no`) VALUES
(1, 'Ben', '', 'Kibe', 'xxx@yyy.com', '0723288288'),
(2, 'Moses', '', 'Kiplagat', 'mosze75@yahoo.com', '0722510045'),
(3, 'Eric', '', 'Kinot', 'kinoti@shadesystems.co.ke', '0714244242'),
(4, 'Judy', '', 'Mungai', 'jkihara@lloydmasika.co.ke', '0724285894'),
(5, 'Mariam', '', 'Yunusa', 'Mariam.Yunusa@unhabitat.org', '0707112159'),
(6, 'Julius', '', 'Riungu', 'jmriungu@gmail.com', '0713725225'),
(7, 'Mariam ', '', 'Yunysa', 'Mariam.Yunusa@unhabitat.org', '0707112159'),
(8, 'Stephen', '', 'Mbugua', 'stephen.gachiri@gmail.com', '0722432260'),
(9, 'Babra', '', 'Wambui', 'xxxxxxx@yyy.com', '0722685071'),
(10, 'Grace', '', 'Karanja', 'karanjagm@gmail.com', '0721711779'),
(11, 'Ian', '', 'Kimwatan', 'iankimwatan@live.com', '0722736502'),
(12, 'Eric', '', 'Kinoti', 'kinoti@shadesystems.co.ke', '0714244242'),
(13, 'Eric', '', 'Kinoti', 'kinoti@shadesystems.co.ke', '0714244242'),
(14, 'Eric', '', 'Kinoti', 'kinoti@shadesystems.co.ke', '0714244242'),
(15, 'Edwin', '', 'Sifuna', 'edwinsifuna@gmail.com', '0720245461'),
(16, 'Janet', '', 'Mbugua', 'xxxxxxx@yyy.com', '0'),
(17, 'Steven', '', 'Njuguna', 'brush@beamerlimited.com', '0715363977'),
(18, 'Duncan', '', 'Nasengo', 'dunnasengo@gmail.com', '0723155062'),
(19, 'Timothy ', '', 'Murage', 'xxxx@xxxx.com', '0704871055'),
(20, 'Timothy', '', 'Murage', 'xxxx@xxxx.com', '0704871055'),
(21, 'John', '', 'Gitau', 'jgmakumi@gmail.com', '0722561053'),
(22, 'Dr. Joseph ', '', 'Kithitu', 'elizabeth.kinyanjui@hemingways.com', '0723938193'),
(23, 'Shezan', '', 'Kirubi', 'shezankirubi@gmail.com', '0729025157'),
(24, 'Shezan', '', 'Kirubi', 'shezankirubi@gmail.com', '0729025157'),
(25, 'Shezan', '', 'Kirubi', 'shezankirubi@gmail.com', '0729025157'),
(26, 'Shezan', '', 'Kirubi', 'shezankirubi@gmail.com', '0729025157'),
(27, 'Shezan', '', 'Kirubi', 'shezankirubi@gmail.com', '0729025157'),
(28, 'Job', '', 'Njiru', 'jane@turkenya.com', '0728415496'),
(29, 'Ruth ', '', 'Therero', 'ruththerero86@gmail.com', '0723345005'),
(30, 'Job', '', 'Njiru', 'jane@turkenya.com', '0728415496'),
(31, 'Job', '', 'Njiru', 'jane@turkenya.com', '0728415496'),
(32, 'Caroline ', '', 'Kahora', 'cwkahora@gmail.com', '0701419285'),
(33, 'Caroline', '', 'Kahora', 'cwkahora@gmail.com', '0701419285'),
(34, 'Job', '', 'Njiru', 'jane@turkenya.com', '0728415496'),
(35, 'Wachira', '', 'Jnr', 'xxxxxxx@yyy.com', '0'),
(36, 'Wachira', '', 'Jnr.', 'xxxxxxx@yyy.com', '0'),
(37, 'Waruru', '', 'Wachira', 'xxxxxxx@yyy.com', '0'),
(38, 'Edita', '', 'Nsubuga', 'xxxxxxx@yyy.com', '0'),
(39, 'Rosamarie', '', 'Okwaro', 'rosaokwaro@gmail.com', '0717111292'),
(40, 'Lucas ', '', 'Kimanzi', 'lkimanzi@yahoo.com', '0705054024'),
(41, 'Lucas', '', 'Kimanzi', 'lkimanzi@yahoo.com', '0705054024'),
(42, 'Tom', '', 'Wahome', 'xxxxxxx@yyy.com', '0713624781'),
(43, 'Tom', '', 'Wahome', 'xxxxxxx@yyy.com', '0713624781'),
(44, 'Tom', '', 'Wahome', 'xxxxxxx@yyy.com', '0713624781'),
(45, 'Moses ', '', 'Gladys', 'xxxxxxx@yyy.com', '0701027705'),
(46, 'Moses', '', 'Gladys', 'xxxxxxx@yyy.com', '0701027705'),
(47, 'Lucy', '', 'Kamau', 'villageautobazaar@gmail.com', ' 0727706190'),
(48, 'Lucy', '', 'Kamau', 'villageautobazaar@gmail.com', ' 0727706190'),
(49, 'Judith', '', 'Njeri', 'Judith.Njeri@faulukenya.com', '0721515158'),
(50, 'Rebecca', '', 'Tiba', 'rebecca.tiba@gmail.com', '0723934280'),
(51, 'Imelda', '', 'Kawi', 'missykawi@gmail.com', '0702442216'),
(52, 'Wachira', '', 'waruru', 'xxxxxxx@yyy.com', '0'),
(53, 'Kanja', '', 'waruru', 'info@chakaranch.com', '0719242897'),
(54, 'Kanja', '', 'Waruru', 'info@chakaranch.com', '0719242897'),
(55, 'Stephen', '', 'Njoroge', 'xxxx@xxxx.com', '0'),
(56, 'Stephen', '', 'Njoroge', 'xxxx@xxxx.com', '0'),
(57, 'Salim', '', 'S.', 'xxxx@xxxx.com', '0'),
(58, 'Ann', '', 'Ruo', 'kagoses@gmail.com', '0721719594'),
(59, 'Janet', '', 'Mbugua', 'xxxxxxx@yyy.com', '0'),
(60, 'Gabriel', '', 'Njiru', 'xxxxxxx@yyy.com', '0710132981'),
(61, 'Amos', '', 'Ngomo', 'ngomoamos@yahoo.com', '0714062942'),
(62, 'Mercy', '', 'Ndegwa', 'mndegwa@madison.co.ke', '0722764373'),
(63, 'Mercy', '', 'Ndegwa', 'mndegwa@madison.co.ke', '0722764373'),
(64, 'Mercy', '', 'Ndegwa', 'mndegwa@madison.co.ke', '0722764373'),
(65, 'Nicodemus', '', 'Muthoka', 'nickm2a@gmail.com', '0721519938'),
(66, 'Nicodemus', '', 'Muthoka', 'nickm2a@gmail.com', '0721519938'),
(67, 'Judy ', '', 'Ririani', 'jgithinji@flyingschool.co.ke', '0722245434'),
(68, 'Judy', '', 'Ririani', 'jgithinji@flyingschool.co.ke', '0722245434'),
(69, 'Owen', '', 'Kibunja', 'kibunja@lsk.or.ke', '0728880617'),
(70, 'Owen', '', 'Kibunja', 'kibunja@lsk.or.ke', '0728880617'),
(71, 'Alice', '', 'Gathoni', 'info@africanspicesafaris.com', '0718179967'),
(72, 'Crispin', '', 'Ngugi Njuguna', 'xxxxxxx@yyy.com', '0722456952'),
(73, 'Crispin', '', 'Ngugi Njuguna', 'xxxxxxx@yyy.com', '0722456952'),
(74, 'Hanny', '', 'Mbaria', 'hanyymbaria@gmail.com', '0720288232'),
(75, 'Steve', '', 'Biko', 'steve@sptworldwide.com', '0708332434'),
(76, 'Crispin', '', 'Njogu Njuguna', 'xxxx@xxxx.com', '0722456952'),
(77, 'Beatrice', '', 'Macharia', 'beatricemacharia17@yahoo.com', '0721567157'),
(78, 'Steve', '', 'Biko', 'steve@sptworldwide.com', '0708332434'),
(79, 'Lucy', '', 'Nganyi', 'nganyi.lucy@gmail.com', '0729 259380'),
(80, 'Alice', '', 'Gathoni', 'info@africanspicesafaris.com', '0718179967'),
(81, 'Hanny', '', 'Mbaria', 'hannymbaria@gmail.com', '0720288232'),
(82, 'Rose', '', 'Ochieng', 'xxxx@xxxx.com', '0722309362'),
(83, 'Rose', '', 'Ochieng', 'xxxx@xxxx.com', '0722309362'),
(84, 'Nicholas', '', 'Kinoti', 'xxxxxxx@yyy.com', '0722701560'),
(85, 'Wamae', '', 'Mwangi', 'wamae.m@gmail.com', '0722277326'),
(86, 'Faith', '', 'Mugai Marigu', 'info@africanspicesafaris.com', '0721242711'),
(87, 'Dr. Paul', '', 'Makundi', 'pmakundi@gmail.com', '0702343836'),
(88, 'Hellen', '', 'Wachira', 'info@missiontourandtravel.org', '0717019629'),
(89, 'Joseph', '', 'Muriithi Maina', 'jmuriithi@design40.com', '0724845201'),
(90, 'Joseph', '', 'Muriithi Maina', 'jmuriithi@design40.com', '0724845201'),
(91, 'Nikolov', '', 'Kristiyano', 'xxxxxxx@yyy.com', '0718001312'),
(92, 'Tom', '', 'Ngaragari', 'tngaragari@gmail.com', '0723422901'),
(93, 'Joseph', '', 'Muriithi Maina', 'jmuriithi@design40.com', '0724845201'),
(94, 'Joseph', '', 'Muriithi Maina', 'jmuriithi@design40.com', '0724845201'),
(95, 'Joyce', '', 'Muiga', 'xxxxxxx@yyy.com', '0722789282'),
(96, 'Joyce', '', 'Muiga', 'xxxxxxx@yyy.com', '0722789282'),
(97, 'Peter ', '', 'Nganga', 'xxxxxxx@yy.com', '0721242711'),
(98, 'bec', '', 'Korir', 'benard@starletcentre.co.ke', '071699533'),
(99, 'grace', '', 'grace', 'xxxxxxx@yyy.com', '0'),
(100, 'Mr. Wachiras', '', 'Guests', 'xxxxxxx@yyy.com', '0'),
(101, 'bec', '', 'Korir', 'benard@starletcentre.co.ke', '071699533'),
(102, 'Lucy', '', 'Wambui Kamau', 'villageautobazaar@gmail.com', '0722779826'),
(103, 'Lucy', '', 'Wambui Kamau', 'villageautobazaar@gmail.com', '0722779826'),
(104, 'bec', '', 'Korir', 'benard@starletcentre.co.ke', '071699533'),
(105, 'Benard', '', 'Bosire Amenya', 'xxxxxxx@yyy.com', '0728502148'),
(106, 'Benard', '', 'Bosire Amenya', 'xxxxxxx@yyy.com', '0728502148'),
(107, 'Austin', '', 'Nzivo', 'austin.nzivo@gmail.com', '0722230673'),
(108, 'Ciiku', '', 'Mathu', 'ciikumathu@gmail.com', '0722476399'),
(109, 'Ciiku', '', 'Mathu', 'ciikumathu@gmail.com', '0722476399'),
(110, 'Ciiku', '', 'Mathu', 'ciikumathu@gmail.com', '0722476399'),
(111, 'Ciiku', '', 'Mathu', 'ciikumathu@gmail.com', '0722476399'),
(112, 'Abed', '', 'Miyumo', 'amiyumo@gmail.com', '0700331063'),
(113, 'Abed', '', 'Miyumo', 'amiyumo@gmail.com', '0700331063'),
(114, 'Abed', '', 'Miyumo', 'amiyumo@gmail.com', '0700331063'),
(115, 'Ben', '', 'Korir', 'b.kipkoech@yahoo.com', '07214806936'),
(116, 'Abed', '', 'Miyumo', 'amiyumo@gmail.com', '0700331063'),
(117, 'Abed', '', 'Miyumo', 'amiyumo@gmail.com', '0700331063'),
(118, 'Henry', '', 'Kabue', 'kabuenjoki@gmail.com', '0706556277'),
(119, 'Abed', '', 'Miyumo', 'amiyumo@gmail.com', '0700331063'),
(120, 'Ciiku', '', 'Mathu', 'ciikumathu@gmail.com', '0722476399'),
(121, 'Mr. Wachiras', '', 'Guests', 'xxxxxxx@yyy.com', '0'),
(122, 'Mr. Wachiras', '', 'Guests', 'xxxxxxx@yyy.com', '0'),
(123, 'Alexander', '', 'Mugo', 'xxxx@xxx.com', '0712274082'),
(124, 'Raphael ', '', 'Mbaya', 'raphaelmurang@gmail.com', '0'),
(125, 'Raphael ', '', 'Mbaya', 'raphaelmurang@gmail.com', '0'),
(126, 'Alexander ', '', 'Mugo', 'xxxx@yyyy.com', '0712274082'),
(127, 'Nizam', '', 'Uddin', 'xxxx@xxxx.com', '0716198711'),
(128, 'Patrick', '', 'Kamau', 'xxxx@xxxx.com', '0704316280'),
(129, 'Nelson Gachie &', '', 'Rose Wanjiru', 'knelsongachie@gmail.com', '0722906998'),
(130, 'Mheshimiwa Alice', '', 'Ndegwa', 'xxxxxxx@yyy.com', '0'),
(131, 'Ted', '', 'Osoro', 'edtedosoro@gmail.com', '0'),
(132, 'Mheshimiwa Alice', '', 'Ndegwa', 'xxxxxxx@yyy.com', '0'),
(133, 'Janet', '', 'Mbugua', 'xxxxxxx@yyy.com', '0'),
(134, 'Abdulnassir Ogil  ', '', 'Hussein Abdullahi', 'xxxx@xxxx.com', '0711671424'),
(135, 'Hawata ', '', 'Mwanaharusi Maro ', 'hawatamaro@gmail.com', '0717646319'),
(136, 'Ronald ', '', 'Kidoyi ', 'Rkudoyi@gmail.com', '0710331167'),
(137, 'David ', '', 'Muiru', 'davidmuiro@yahoo.com', '0721206422 '),
(138, 'Victor', '', 'Machoka', 'vmachoka.mig@gmail.com', '0720201379'),
(139, 'Paul', '', 'Githaiga', 'carogithaiga@gmail.com', '0726179042'),
(140, 'Paul', '', 'Githaiga', 'carogithaiga@gmail.com', '0726179042'),
(141, 'Nancy', '', 'Ndumia', 'NNdumia@rencap.com', '0'),
(142, 'Dennis', '', 'Makori', 'xxx@xxx.com', '0722551800'),
(143, 'Dennis ', '', 'Makori', 'xxx@xxx.com', '0722551800'),
(144, 'Nasir', '', 'Guleid', 'xxx@xxx.com ', '0721963047'),
(145, 'Nasir', '', 'Guleid', 'xxx@xxx.com', '0721963037'),
(146, 'Andrew', '', 'Kamau', 'awahinya@gmail.com', '0722724814'),
(147, 'Andrew', '', 'Kamau', 'awahinya@gmail.com', '0722724814'),
(148, 'Nyaga Wandere & ', '', 'Charles Wandere ', 'xxxxxxx@yyy.com', '0705980054'),
(149, 'Nyaga Wandere &', '', 'Charles Wandere', 'xxxxxxx@yyy.com', '0705980054'),
(150, 'Yatich Sharon', '', 'Jambo', 'anusei@gmail.com', '0723762222'),
(151, 'Austin', '', 'Kimani', 'xxxx@xxxx.com', '0714402823'),
(152, 'Elizabeth', '', 'Nyaga', 'liznyagah@gmail.com', '0722422139'),
(153, 'George', '', 'Wanyoike', 'xxxx@xxxx.com', '0722513640'),
(154, 'Collins', '', 'Maroa', 'collokimuts@gmail.com', '0726099500'),
(155, 'Glenna', '', 'Mbuvi', 'glennambuvi.gn@gmail.com', '0722767746'),
(156, 'Stephen', '', 'Kipsang', 'skipsang@yahoo.com', '0721293464'),
(157, 'Harry', '', 'Mbevi', 'info@ziaratravels.co.ke', '0722444211'),
(158, 'Winfred', '', 'Muthoni', 'winfred.muthoni@kpc.co.ke', '0722307056'),
(159, 'Winfred', '', 'Muthoni', 'winfred.muthoni@kpc.co.ke', '0722307056'),
(160, 'Winfred', '', 'Muthoni', 'winfred.muthoni@kpc.co.ke', '0722307056'),
(161, 'Winfred', '', 'Muthoni', 'winfred.muthoni@kpc.co.ke', '0700331063'),
(162, 'John', '', 'Muragori', 'xxxxxxx@yyy.com', '0722719819'),
(163, 'Joan ', '', 'Muchina', 'xxxxxxx@yyy.com', '0726121957'),
(164, 'Francis', '', 'Wachira', 'swgachoka@gmail.com', '0738422884'),
(165, 'Paul', '', 'Nabiswa', 'paulnabiswa@gmail.com', '0723739894'),
(166, 'Samuel', '', 'Njoroge Munywa', 'nicoleleslay41@gmail.com', '0721953823, 0725629877'),
(167, 'Irene', '', 'Muhoho', 'irenemuhoho@gmail.com', '0720529038'),
(168, 'Hellen', '', 'Gatero', 'xxxxxxx@yyy.com', '0788144100'),
(169, 'Daniel ', '', 'Maina', 'xxxxxxx@yyy.com', '0722309206'),
(170, 'George ', '', 'Njau', 'gnnjau@gmail.com', '0727129645'),
(171, 'Maureen', '', 'Nyagetuba', 'mnyagetuba@gmail.com', '0726236355'),
(172, 'Hellen', '', 'Gatero', 'xxxxxxx@yyy.com', '0788144100'),
(173, 'Benjamin', '', 'Gitoho', 'ben.gitoho@gmail.com', '0720969829'),
(174, 'Robert', '', 'Okelo', 'xxxx@xxxx.com', '0722485585'),
(175, 'George', '', 'Ngugi', 'xxxx@xxxx.com', '0722831373'),
(176, 'Sophie ', '', 'Munene', 'xxxxxxx@yyy.com', '0723904283'),
(177, 'Gladyce', '', 'Musyoki Langat', 'langatmusyoki@gmail.com', '0722713200'),
(178, 'Edwin ', '', 'Gichuki', 'shokee87@gmail.com', '0725531897'),
(179, 'James', '', 'Wanyika', 'tours@silverafricatours.co.ke', '0725739741  '),
(180, 'Joe', '', 'Mucheru', 'xxxx@xxxx.com', '0'),
(181, 'Hilda', '', 'Moraa ', 'hildamoraa@gmail.com', '0720152608'),
(182, 'Phylier', '', 'Madahana', 'phyyllervutagwa@gmail.com', '0720812801'),
(183, 'Hon. John ', '', 'W. Koyi ', 'jkoyi@yahoo.co.uk', '072295431'),
(184, 'Rebecca', '', 'Tsuma', 'rtsuma@hotmail.com', '0700049326  '),
(185, 'Rebecca', '', 'Tsuma', 'rtsuma@hotmail.com', '0700049326'),
(186, 'Antony ', '', 'Makau', 'antony.makau@gmail.com', '0729095082'),
(187, 'Dr. Odidi', '', 'Kendo', 'odkendo@yahoo.com', '0716380076'),
(188, 'Dr. Dinah', '', 'Atieno', 'hanida26@yahoo.co.in', '0720928486'),
(189, 'Ezekiel', '', 'Musili', 'ezemusili@gmail.com', '0721274174'),
(191, 'Ismail', '', 'Kassim', 'info@africanspicesafaris.com', '0718279967,0721242711'),
(192, 'Nul', '', 'Mayendit', 'chaapwut@gmail.com', '0702374520'),
(193, 'Gilbert', '', 'Mwiti', 'xxxxxxx@yyy.com', '0763901061'),
(194, 'Nicholas', '', 'Omondi Opiyo ', 'xxxx@xxxx.com', '0720861902 '),
(195, 'Evelyne', '', 'Munyoki', 'xxxx@xxxx.com', '0722759055 '),
(196, 'John', '', 'Kanyingi', 'xxxx@xxxx.com', '0712880049'),
(197, 'Abdimalik', '', 'Wanyama Kangale', 'xxxx@xxxx.com', '0722313794'),
(198, 'Charles ', '', 'Waiganjo Kigwe', 'xxxx@xxxx.com', '0'),
(200, 'Charles', '', 'Waiganjo Kigwe', 'brendah10@gmail.com', '0715936811'),
(202, 'Judy', '', 'Njau', 'ggwaris@yahoo.com', '0722789991 '),
(203, 'Egambi', '', 'Dalizu', 'jacqy@vacationseastafrica.com', '0722739397'),
(204, 'Mr', '', 'Wachira', 'info@chakaranch.com', '0719242897'),
(205, 'Judy ', '', 'Wandeto', 'juddiewandeto@gmail.com', '0722576325'),
(206, 'Robert ', '', 'Machira', 'machira_2000@yahoo.com', '0722321526'),
(207, 'Napoleon', '', 'Murende', 'xxxxxxx@yyy.com', '0710278024'),
(208, 'Robert', '', 'Kimani Ndungu', 'nyakweya@hotmail.com', '0720809801'),
(209, 'Michael', '', 'Makale ', 'nkathasuzzane@gmail.com', '0784123067'),
(210, 'Robert', '', 'Gakubia', 'rngakubia@yahoo.com', '0733703638'),
(211, 'Crisphin', '', 'Njogu Njuguna', 'xipianos@gmail.com', '0722456952'),
(212, 'Hon. Robert Mbui &', '', 'RTD General James Mulinge', 'mbui@mutungonischools.co.ke', '0722731715i'),
(213, 'Kinoti', '', 'Marete', 'xxxx@xxxx.com', '0'),
(214, 'Sammy', '', 'Arnold', 'xxxx@xxxx.com', '0723501584'),
(215, 'Colleta', '', 'Macharia', 'xxxxxxx@yyy.com', '0714984314 '),
(216, 'Rebecca', '', 'Anyumba', 'rebeccaanyumba@yahoo.com', '0723482054/0723250319'),
(217, 'Rosebell ', '', 'Maina ', 'rosebellmaina@gmail.com', '0722 867532'),
(218, 'Lisa-Maria', '', 'Mwani', 'lisamwani69@gmail.com', '0719792985, 0722395604'),
(219, 'Kevin ', '', 'Murithi', 'xxxxxxx@yyy.com', '0725635303'),
(220, 'Susan', '', 'Ngara', 'xxxxxxx@yyy.com', '0721986396'),
(221, 'Clare', '', 'Mukabana', 'cnmukabana@gmail.com', '0724263473'),
(222, 'Esther', '', 'Ndungu', 'esther.ndungu@yahoo.com', '0722 203313/0722 930521'),
(224, 'Livingstone', '', 'Maingi', 'xxxxxxx@yyy.com', '0720498664'),
(226, 'Dr. Purity', '', 'Gitonga', 'bettynkoroi@gmail.com', '0722782994'),
(227, 'Dr. Purity', '', 'Gitonga', 'bettynkoroi@gmail.com', '0722782994'),
(228, 'Joe', '', 'Mucheru', 'xxxxxxx@yyy.com', '0'),
(229, 'Manuel', '', 'Mumo', 'manuell254@yahoo.com', '0725236174'),
(230, 'Lawrence', '', 'Njagi', 'lawrence.k@mountainpublishers.com', '0722767644'),
(231, 'Humphrey', '', 'Ngunjuri', 'humphrey@20mainskenya.com', '0733333519'),
(232, 'Dorcas', '', 'Njeri', 'njeri.dorcas@gmail.com', '0720564134'),
(233, 'John', '', 'Karanja', 'joni_kranja@yahoo.com', '0711173481'),
(234, 'Nicholas', '', 'Mwihaki', 'xxxxxxx@yyy.com', '0705978410'),
(235, 'Tony', '', 'Waweru', 'waweru72@gmail.com', '0722701780'),
(236, 'Andrew', '', 'Musyoki', 'info@ziaratravels.co.ke', '0722444211'),
(238, 'Francis', '', 'Mwaura', 'francis.mwaura@gmail.com', '0722760520'),
(239, 'Benson', '', 'Muhonyo', 'xxxx@xxxx.com', '0722744815'),
(240, 'David', '', 'Njenga', 'xxxxxxx@yy.com', '0722718718'),
(241, 'William', '', 'Njenga', 'xxxxxxx@yy.com', '0721236742'),
(243, 'Jackline', '', 'Wamoyo Mutahi', 'xxxxxxx@yy.com', '0722882314'),
(244, 'Martin', '', 'Njihia', 'martonjihia@yahoo.com', '0722300481'),
(245, 'Mary', '', 'Njeri', 'marynjeri@hotmail.com', '0721804429'),
(246, 'Francis', '', 'Murumdi', 'mkwanya@yahoo.com', '0717790458'),
(247, 'Wacuka', '', 'Karuri', 'wacuka.karuri@gmail.com', '0722737631'),
(248, 'Ngatia', '', 'Murenga', 'ngatz@murenga.net', '0722729434'),
(249, 'Joyce', '', 'Karanja', 'wanji600@yahoo.com', '0726397690'),
(250, 'Michael', '', 'Kihara', 'xxxx@xxxx.com', '0721237720'),
(251, 'Robert', '', 'Nyasimi', 'nyasimi@yahoo.com', '0722735361'),
(252, 'Kariuki', '', 'Ruirie', 'xxxx@xxxx.com', '0722448032'),
(253, 'Kariuki', '', 'Ruirie', 'xxxx@xxxx.com', '0722448032'),
(254, 'Christine', '', 'Mwaka Ndegwa', 'reservations@stepsadventures.com', '0733869466/0722468961'),
(255, 'Rose ', '', 'Wanjiru Gitau ', 'ianmchr9@gmail.com', '0720833293'),
(256, 'Nicholas ', '', 'Mbocha ', 'xxxxxxx@yy.com', '0721395797'),
(257, 'Miriam', '', 'Njoki Ndungu', 'xxxxxxx@yy.com', '0727415128'),
(258, 'Dr. Killingo', '', 'Bactrin', 'xxxxxxx@yy.com', '0702074998'),
(259, 'Joseph', '', 'Maina Ndungu', 'xxxxxxx@yy.com', '0735111128'),
(260, 'Halima', '', 'Suleiman', 'xxxxxxx@yy.com', '0716830081'),
(262, 'Serah', '', 'Gathitu', 'xxxxxxx@yy.com', '0722606837'),
(263, 'Amos', '', 'Ngomo', 'xxxxxxx@yy.com', '0714062942'),
(264, 'Jackline', '', 'Kimata', 'xxxxxxx@yy.com', '0701021914'),
(265, 'Dr. Nelson', '', 'Gitonga', 'lilian@aramatisafaris.co.ke', '0720621919'),
(266, 'Grace', '', 'Nduta', 'gracendutah@yahoo.com', '0722716792'),
(267, 'Charles', '', 'Migwi', 'xxxxxxx@yyy.com', '0722726098'),
(268, 'Austine', '', 'Kamau', 'austin.kamau@yahoo.com', '0721280868'),
(269, 'Lucy ', '', 'Kamau', 'villageautobazaar@gmail.com', '0722779826'),
(270, 'Nancy', '', 'Mugi', 'kimoshjayr@gmail.com', '0717572857'),
(271, 'Allan', '', 'Nyagah', 'allannyagah@outlook.com', '0729494300'),
(272, 'Godfrey', '', 'Maina Migwi ', 'xxxxxxx@yy.com', '0726421797'),
(273, 'Catherine ', '', 'Wambui Karuu', 'catekaruu@gmail.com', '0708487912');

-- --------------------------------------------------------

--
-- Table structure for table `email`
--

CREATE TABLE IF NOT EXISTS `email` (
  `id` int(50) NOT NULL,
  `email` varchar(250) COLLATE utf8_unicode_ci NOT NULL
) ENGINE=MyISAM AUTO_INCREMENT=1096 DEFAULT CHARSET=utf8 COLLATE=utf8_unicode_ci;

--
-- Dumping data for table `email`
--

INSERT INTO `email` (`id`, `email`) VALUES
(8, 'johngakima@gmail.com'),
(7, 'makaun@iconnect.co.ke'),
(6, 'benard@starletcentre.co.ke'),
(9, 'zbakari391@gmail.com'),
(10, 'mkinya2003@gmail.com'),
(11, 'georgekinga@yahoo.com'),
(12, 'kipcollo@gmail'),
(13, 'dawn.expeditions@yahoo.com'),
(14, 'muthoni.njoki@buymore.co.ke'),
(15, 'josephat_ngarari@yahoo.com'),
(16, 'icloudmarketkenya@gmail.com'),
(17, 'sonywariara@gmail.com'),
(18, 'kln705@gmail.com'),
(19, 'charity.raka@gmail.com'),
(20, 'alhaj.2hamsu@gmail.com'),
(21, 'lameck.bongoye@yahoo.com'),
(22, 'petimurush@yahoo.com'),
(23, 'briankosgei@gmail.com'),
(24, 'pauline.ngoru@gmail.com'),
(25, 'sueboyo@yahoo.com'),
(26, 'archiesikuku@yahoo.com'),
(27, 'carenapiyo@yahoo.com'),
(28, 'akinuthia@turimail.co.ke'),
(29, 'richard.gitaari@housing.co.ke'),
(30, 'jwmuhoro@yahoo.com'),
(31, 'eva@creative-innovation.com'),
(32, 'laura.betty07@yahoo.com'),
(33, 'geffmwangi43@yahoo.com'),
(34, 'chakaranch@gmail.com'),
(35, 'dnderi@gmail.com'),
(36, 'kasyokif@gmail.com'),
(37, 'davidnjenga50@yahoo.com'),
(38, 'annkathambi47@ovi.com'),
(39, 'benmwobobia@yahoo.com'),
(40, 'lochaocha21.lo@gmail.com'),
(41, 'nyuthen@gmail.com'),
(42, 'sdkuria@yahoo.com'),
(43, 'spndungu@gmail.com'),
(44, '0720645845@aurion.websitewelcome.com'),
(45, 'jimmysapaya@gmail.com'),
(46, 'jimswere@gmail.com'),
(47, 'danarrowss@gmail.com'),
(48, 'fusionimagevideos@gmail.com'),
(49, 'info@realtimemedia.co.ke'),
(50, 'adhiambo.loice@yahoo.com'),
(51, 'fredmartince@live.com'),
(52, 'stevemaina247@gmail.com'),
(53, 'eastafricamobilezone@gmail.com'),
(54, 'twendekenya@realtimemedia.co.ke'),
(55, 'joshuairungu@yahoo.com'),
(56, 'pkimutai@impulseportal.co.ke'),
(57, 'louisotiende9@gmail.com'),
(58, 'colyeginson@gmail.com'),
(59, 'DavidSkiriui@gmail.com'),
(60, 'Salome.Njeri@equitybank.co.ke'),
(61, 'margaretmwallo@ymail.com'),
(62, 'sjwalala@yahoo.com'),
(63, 'morristah@gmail.com'),
(64, 'gracewmurage@gmail.com'),
(65, 'jobmaina.maina@gmail.com'),
(66, 'egitahi@co-opbank.co.ke'),
(67, 'anapapaa@yahoo.com'),
(68, 'jnjoroge04@yahoo.com'),
(69, 'johntoto2720@yahoo.com'),
(70, 'beckyakinyi2009@yahoo.com'),
(71, 'mchakaya@gmail.com'),
(72, 'lyzlito@gmail.com'),
(73, 'humphrey@intersec.co.ke'),
(74, 'eriqdj@yahoo.com'),
(75, 'jimuhiu@gmail.com'),
(76, 'johnmatu37@gmail.com'),
(77, 'kagwimapk@yahoo.com'),
(78, 'silvia@africanlaughter.com'),
(79, 'dorcasgachau@yahoo.co.uk'),
(80, 'nyamcy2@gmail.com'),
(81, 'rtknatalia@gmail.com'),
(82, 'emuchugu@gmail.com'),
(83, 'mutuma_robert@yahoo.com'),
(84, 'irenesconcierge@gmail.com'),
(85, 'paul@aren.co.ke'),
(86, 'ngure.wakini@gmail.com'),
(87, 'marketing@leftfootsafaris.com'),
(88, 'jnskiwishi@gmail.com'),
(89, 'brian@terrianchess.com'),
(90, 'mutukuco@gmail.com'),
(91, 'vicqueben@yahoo.com'),
(92, 'bokuku27@gmail.com'),
(93, 'kimurialexander@gmail.com'),
(94, 'znmusa@gmail.com'),
(95, 'donatokariuki!@yahoo.com'),
(96, 'renne.lupalo@gmail.com'),
(97, 'boxbe-notifications@boxbe.com'),
(98, 'njorogeik@gmail.com'),
(99, 'zmachoka@yahoo.com'),
(100, 'justinkon33@gmail.com'),
(101, 'justinkon33@gmailcon'),
(102, 'dennismm@outlook.com'),
(103, 'everlynmungai@yahoo.com'),
(104, 'ekeac@yahoo.com'),
(105, 'alvinkibet59@gmail.com'),
(106, 'faridaskhamis@gmail.com'),
(107, 'charitie07@yahoo.com'),
(108, 'kennymwai66@hotmail.com'),
(109, 'batistakariuki@yahoo.com'),
(110, 'rmwangeci@yahoo.com'),
(111, 'gred80@yahoo.com'),
(112, 'abola.alhamid@gmail.com'),
(113, 'rates@aurion.websitewelcome.com'),
(114, 'sharrold.odeke4@gmail.com'),
(115, 'evansmuange@hotmail.com'),
(116, 'mmuiruri39@gmail.com'),
(117, 'josphatongaya@gmail.com'),
(118, 'kevbobs06@gmail.com'),
(119, 'muchiri.cask@gmail.com'),
(120, 'hnchokera@gmail.com'),
(121, 'kelvin.murimi101@gmail.com'),
(122, 'smbindyo@potterhouseschool.ac.ke'),
(123, 'vinamusavi@gmail.com'),
(124, 'michael.munene@outlook.com'),
(125, 'wanjangipeter@gmail.com'),
(126, 'gatwechi@gmail.com'),
(127, 'jepkoechj@yahoo.com'),
(128, 'mukijudith@gmail.com'),
(129, 'pnjmaina@yahoo.com'),
(130, 'josiah@energyea.com'),
(131, 'robertmwa@yahoo.com'),
(132, 'KObongo@imbank.co.ke'),
(133, 'mianhodan@gmail.com'),
(134, 'titomainah@gmail.com'),
(135, 'karingajames@yahoo.com'),
(136, 'mercy.githitu@gmail.com'),
(137, 'joehthuo@gmail.com'),
(138, 'hillkeymutai@gmail.com'),
(139, 'jenipetazavedo@yahoo.com'),
(140, 'gakeygituma@yahoo.com'),
(141, 'caromak2002@yahoo.com'),
(142, 'jkwanjaiya@gmail.com'),
(143, 'kainyfrank@gmail.com'),
(144, 'ggithinji80@gmail.com'),
(145, 'kamauez12@gmail.com'),
(146, 'semajkikki@yahoo.com'),
(147, 'richardgitonga32@yahoo.com'),
(148, 'muriithianthony7@gmail.com'),
(149, 'sk.macharia@yahoo.com'),
(150, 'amochege@gmail.com'),
(151, 'annemuchiri@gmail.com'),
(152, 'othiranick3@gmail.com'),
(153, 'kaburu_gg@yahoo.com'),
(154, 'info@dancomtours.com'),
(155, 'jimwatene2002@yahoo.com'),
(156, 'frorwe@ymail.com'),
(157, '@'),
(158, 'atitotitus@gmail.com'),
(159, 'gracemurikam@gmail.com'),
(160, 'cruznandi@gmail.com'),
(161, 'voguttu@mtechcomm.com'),
(162, 'anstetours@anstegroup.com'),
(163, 'btyncheege82@yahoo.com'),
(164, 'Vawuondo@kaviuon.org'),
(165, 'elviskkibet@gmail.com'),
(166, 'wanjiruwawanjohi@gmail.com'),
(167, 'johntezndungu@gmail.com'),
(168, 'ngariwambutu@gmail.com'),
(169, 'dankarisdk@gmail.com'),
(170, 'samkinyae@yahoo.com'),
(171, 'ruth.wambugu@gmail.com'),
(172, 'jambopay@jambopay.com'),
(173, 'agichia@gmail.com'),
(174, 'lamech.nyakundi@gmail.com'),
(175, 'beckygathuri@hotmail.com'),
(176, 'ochienodavid@ymail.com'),
(177, 'info@spectrumwireless.co.ke'),
(178, 'info@vancemuriu.com'),
(179, 'evag2003@yahoo.com'),
(180, 'njgichuki@gmail.com'),
(181, 'babzigi@gmail.com'),
(182, 'nomadtouring@outlook.com'),
(183, 'lizkn90@gmail.com'),
(184, 'muthoniwamugo@yahoo.com'),
(185, 'dennotiotieno@gmail.com'),
(186, 'jthiga@Safaricom.co.ke'),
(187, 'wabiwanjau@gmail.com'),
(188, 'mercykiki91@gmail.com'),
(189, 'annekar36@gmail.com'),
(190, 'reservations@thebigfiveadventures.com'),
(191, 'k.kennedymutua@yahoo.com'),
(192, 'dickiekimani@gmail.com'),
(193, 'gkurutu@mtkenyaacademy.co.ke'),
(194, 'rose.nderitu@radioafricagroup.co.ke'),
(195, 'kenmunyiri@yahoo.com'),
(196, 'irung206@yahoo.com'),
(197, 'amosbosire79@gmail.com'),
(198, 'l.munyiva@groupmfi.com'),
(199, 'bpickle@tropicars-golf.com'),
(200, 'rkimz58@gmail.com'),
(201, 'fgathui@chasebank.co.ke'),
(202, 'lilian.mahia@gmail.com'),
(203, 'kanyorozipy@gmail.com'),
(204, 'john@sedologistics.co.ke'),
(205, 'negusnegasht@gmail.com'),
(206, 'nishfjm@gmail.com'),
(207, 'kooltravels5@gmail.com'),
(208, 'faithmureithi88@gmail.com'),
(209, 'rosalidnjoki@yahoo.com'),
(210, 'maichstevn@gmail.com'),
(211, 'lgitonga@korient.co.ke'),
(212, 'cmawathe2010@yahoo.com'),
(213, 'wtr.gammon@gmail.com'),
(214, 'info@mwemaafricasafaris.com'),
(215, 'SSeveni@standardmedia.co.ke'),
(216, 'perfometerconsultants@gmail.com'),
(217, 'Pgmureithi@yahoo.com'),
(218, 'kenmwaniki2@gmail.com'),
(219, 'aduoljohn@gmail.com'),
(220, 'captainlaurence@gmail.com'),
(221, 'marylou427@yahoo.com'),
(222, 'siasteven62@gmail.com'),
(223, 'wingathitu@gmail.com'),
(224, 'sashakamiti@gmail.com'),
(225, 'yagombanorah@gmail.com'),
(226, 'evetms@gmail.com'),
(227, 'omaemangera@yahoo.com'),
(228, 'ndegeeric@rocketmail.com'),
(229, 'coollinkw@gmail.com'),
(230, 'waithax@yahoo.com'),
(231, 'symxom24@gmail.com'),
(232, 'risperotumba@yahoo.com'),
(233, 'mugwelucy@gmail.com'),
(234, 'JnWahome@gmail.com'),
(235, 'dkaruoya@hotmail.com'),
(236, 'rubaijulie@gmail.com'),
(237, 'justinmwirigi@gmail.com'),
(238, 'godffreymaina@gmail.com'),
(239, 'Paul.kagayu2@gmail.com'),
(240, 'gkmilele@gmail.com'),
(241, 'fthige@baileyagency.co.ke'),
(242, 'kelvindchieng@yahoo.com'),
(243, 'willieprissy@gmail.com'),
(244, 'perez.ochieng@gmail.com'),
(245, 'elisharonoh@yahoo.com'),
(246, 'nelsonmatimu@yahoo.com'),
(247, 'kabugagathekia@gmail.com'),
(248, 'tomkimai90@gmail.com'),
(249, 'solomchek@gmail'),
(250, 'willysk2013@gmail.com'),
(251, 'evangelistkamau@gmail.com'),
(252, 'admin@fairseat.org'),
(253, 'jimiegich@gmail.com'),
(254, 'mwauraamos09@gmail.com'),
(255, 'vinceogega.2012@yahoo.com'),
(256, 'sales@globalictnetworks.co.ke'),
(257, 'mainaji294@gmail.com'),
(258, 'petermunene90@yahoo.com'),
(259, 'vincentmuriithi@ymail.com'),
(260, 'gabrielk58@yahoo.com'),
(261, 'samwahome@yahoo.com'),
(262, 'rochieng@jambopay.com'),
(263, 'sam@digitalcreative.biz'),
(264, 'julinkcyber@gmail.com'),
(265, 'qqueta@yahoo.com'),
(266, 'ebill_bills@ke.airtel.com'),
(267, 'estatement.kenya@sc.com'),
(268, 'ebill@safaricom.co.ke'),
(269, 'bnjathi@jambopay.com'),
(270, 'ActiModiMailbox@ke.airtel.com'),
(271, 'mykekunyo@gmail.com'),
(272, 'forwarding-noreply@google.com'),
(273, 'bonnjemuch@yahoo.com'),
(274, 'waruharip@gmail.com'),
(275, 'change@chakaranch.co.ke'),
(276, 'andungu@ashoka.org'),
(277, 'njokichange@gmail.com'),
(278, 'benakipkoech@gmail.com'),
(279, 'chakaran@aurion.websitewelcome.com'),
(280, 'ben@aurion.websitewelcome.com'),
(281, 'timothykamaru89@gmail.com'),
(282, 'simon.mwaura193@gmail.com'),
(283, 'figabs@yahoo.com'),
(284, 'machariaharison@gmail.com'),
(285, 'gachihimunngai@gmail.com'),
(286, 'fredrickwambua47@yahoo.com'),
(287, 'kamaukkamaukabira@yahoo.com'),
(288, 'joyfaithachi@gmail.com'),
(289, 'waitheramburu@gmail.com'),
(290, 'muthoniee@yahoo.com'),
(291, 'about chaka ranch and directions'),
(292, 'info@mbinusolutions.com'),
(293, 'lexingtonmi2000@yahoo.com'),
(294, 'lthairu2000@yahoo.com'),
(295, 'sandyjtoo@yahoo.com'),
(296, 'kuriakinyajui85@gmail.com'),
(297, 'lydiakaranja77@gmail.com'),
(298, 'edundosh23@gmail.com'),
(299, 'michaelobriannjue@gmail.com'),
(300, 'Ngenojesse@gmail.com'),
(301, 'senyorayub@gmail.com'),
(302, 'junkybins@gmail. com'),
(303, 'dennismwangi94@gmail.com'),
(304, 'tandykims@yahoo.com'),
(305, 'bernatunga@yahoo.com'),
(306, 'josie.boro@gmail.com'),
(307, ''),
(308, 'wellingtongithombe@facebook.com'),
(309, 'tabitha.kiarie1@gmail.com'),
(310, 'rmwithi@nockenya.co.ke'),
(311, 'dennis.mburu63@gmail.com'),
(312, 'phineaskinyua01@gmail.com'),
(313, 'charges'),
(314, 'hilarylizalia@gmail.com'),
(315, 'jemuo8@gmail.com'),
(316, 'mmaina@chasebank.co.ke'),
(317, 'joemuigai74@gmail.com '),
(318, 'amwanji@yahoo.com'),
(319, 'anthony@muhindi.com'),
(320, 'sales@acesolutionafrica.com'),
(321, 'njoroged47@yahoo.com'),
(322, 'wmunyasi@gmail.com'),
(323, 'info@chakaranch.com'),
(324, 'edythkangwana@yahoo.com'),
(325, 'bettykharey@gmail.com'),
(326, 'aqueensachege5@gmail.com'),
(327, 'margaretkaregi@yahoo.com'),
(328, 'emukibu@rocketmail.com'),
(329, 'geehsatelectronics@gmail'),
(330, 'sarahkahera@gmail.com'),
(331, 'nestory_thobias@yahoo.com'),
(332, 'bilherokeyo2007@gmail.com'),
(333, 'gordon.charles@unaitas.com'),
(334, 'nimcolem.agencies2013@gmail.com'),
(335, 'jim.woods083@gmail.com'),
(336, 'John.mwanthi@posterscope.com'),
(337, 'justusnyaga@gmail.com'),
(338, 'clucala@yahoo.com'),
(339, 'lichisec@yahoo.com'),
(340, 'change@chakaranch.com'),
(341, 'M-PESABusiness@Safaricom.co.ke'),
(342, 'Cerine.Ogutu@ke.airtel.com'),
(343, 'jacobndungu@lionscapital.co.ke'),
(344, 'info@intimecargo.co.ke'),
(345, 'PWathegi@Safaricom.co.ke'),
(346, 'jacintakioko@gmail.com'),
(347, 'Mailer-Daemon@aurion.websitewelcome.com'),
(348, 'MAILER-DAEMON@gateway15.websitewelcome.com'),
(349, 'MAILER-DAEMON@gateway03.websitewelcome.com'),
(350, 'MAILER-DAEMON@gateway07.websitewelcome.com'),
(351, 'MAILER-DAEMON@gateway16.websitewelcome.com'),
(352, 'james@elegantprefabhousing.com'),
(353, 'joallan2002@yahoo.com'),
(354, 'dkiigan@gmail.com'),
(355, 'jsumba@randomforksip.com'),
(356, 'nyaruaimuhoro@gmail.com'),
(357, 'gmusoga@yahoo.com'),
(358, 'MAILER-DAEMON@gateway06.websitewelcome.com'),
(359, 'wachirawaruru@gmail.com'),
(360, 'MAILER-DAEMON@gateway02.websitewelcome.com'),
(361, 'wanguimarybeth@gmail.com'),
(362, 'charges@aurion.websitewelcome.com'),
(363, 'melvin.gitau@redcircle.co.ke'),
(364, 'e-saeed@icmjapan.net'),
(365, 'RKahiga@standardmedia.co.ke'),
(366, 'naomi.maina@wts.co.ke'),
(367, 'niconduriri@gmail.com'),
(368, 'junkybins@gmail.com'),
(369, 'annphoebenjeri@gmail.com'),
(370, 'anne.nguru@treemax.co.ke'),
(371, 'hezronkaranja19@hotmail.com'),
(372, 'about@MISSING_DOMAIN'),
(373, 'amosmuchika@gmail.com'),
(374, 'wamlydiah@gmail.com'),
(375, 'simon.sirengo@apainsurance.org'),
(376, 'wamae@midsprings.com'),
(377, 'charlesokuku093@gmail.com'),
(378, 'eddy.kuria@yahoo.com'),
(379, 'kushkush@hotmail.com'),
(380, 'vimarcz02@gmail.com'),
(381, 'karanjaelisha6@gmai.com'),
(382, 'ekomora@safariparkhotel.co.ke'),
(383, 'carol.gitonga@gmail'),
(384, 'joanongoche34.jo@gmail.com'),
(385, 'kangogodan@gmail.com'),
(386, 'ndutaannete@gmail.com'),
(387, 'wairimucate6@gmail.com'),
(388, 'hegatours@yahoo.com'),
(389, 'nyawirawawiq@gmail.com'),
(390, 'francis.njoro@htb.co.ke'),
(391, 'jeffdekock@yahoo.com'),
(392, 'mercycrono91@gmail.com'),
(393, 'winniebaibee @yahoo.com'),
(394, 'stephanieinjirah@gmail.com'),
(395, 'nastycaro@yahoo.com'),
(396, 'www.johnmogallo@yahoo.com'),
(397, 'kwachira79@yahoo.com'),
(398, 'mohamedrizwan110@gmail.com'),
(399, 'gachengo@yahoo.com'),
(400, 'lmurey@gmail.com'),
(401, 'purienyihah@yahoo.com'),
(402, 'chris.musungu@gmail.com'),
(403, 'mugomorris@gmail.com'),
(404, 'ochiengngugi@gmail.com'),
(405, 'gracamac2012@gmail.com'),
(406, 'pndush12@gmail.com'),
(407, 'kiendekaburu@gmail.com'),
(408, 'pgachuri@gmail.com'),
(409, 'laureenjeri@yahoo.com'),
(410, 'yvonnesmallz@yahoo.com'),
(411, 'mezzbanks90@gmail.com'),
(412, 'winnietheuri@yahoo.com'),
(413, 'lydiaatieno5@gmail.com'),
(414, 'ndwiga1971@gmail.com'),
(415, 'wachukak@gmail.com'),
(416, 'lucymugo20@gmail.com'),
(417, 'msoopeter@gmail.com'),
(418, 'gicheru999@hotmail.com.com'),
(419, 'kerubogero@yahoo.com'),
(420, 'marcreainc@gmail.com'),
(421, 'ngurej97@yahoo.com'),
(422, 'Samadamz81@gmail.com'),
(423, 'mweshpau@gmail.com'),
(424, 'mwangifrancis277@gmail.com'),
(425, 'mkethi@yahoo.com'),
(426, 'jwachira 201@gmail.com'),
(427, 'mutheu.c@gmail.com'),
(428, 'Nwarima@gmail.com'),
(429, 'mosesogongi@gmail.com'),
(430, 'gnderitu@myfincom.com'),
(431, 'Warutere.samuel@yahoo.com'),
(432, 'hassanaliguled@yahoo.com'),
(433, 'jaredgilo@gmail. com'),
(434, 'luvngeshi@yahoo.com'),
(435, 'geoffrey.mwangi@usamru-k.org'),
(436, 'kinuthia2002@yahoo.com'),
(437, 'annekimemia8@gmail.com'),
(438, 'kabugipriscilla@gmail.com'),
(439, 'julie.gichuru@gmail.com'),
(440, 'Sammylastnamekios@yahoo.com'),
(441, 'simon.kamau@coffeemanagement.co.ke'),
(442, 'lillyveeatieno@yahoo.com'),
(443, 'Terrynjehia@gmail.com'),
(444, 'muindindunda@gmail.com'),
(445, 'simonkariuki56@gmail.com'),
(446, 'ibrakam2002@yahoo.co.uk'),
(447, 'habiba.hellen@kenya-airways.com'),
(448, 'kimani_wawerujoram@yahoo.com'),
(449, 'faithomollo@yahoo.com'),
(450, 'rimberiaken2008@yahoo.com'),
(451, 'jeffonape@gmail.com'),
(452, 'nciithi.pn12@gmail.com'),
(453, 'mwangiln2002@gmail.com'),
(454, 'rkimanzi@krc.co.ke'),
(455, 'cliffordmbugua@gmail.com'),
(456, 'munenepurity@yahoo.com'),
(457, 'ibrahimmishatha90@gmail.com'),
(458, '0717992363'),
(459, 'wmajale@yahoo.com'),
(460, 'pdvcraft@yahoo.com'),
(461, 'info@mimraytraders.com'),
(462, 'fionre@yahoo.com'),
(463, 'Wkamaujuly@gmail.com'),
(464, 'amand.apondi@gmail.com'),
(465, 'geojagi04@gmail.com'),
(466, 'evenjeri8@gmail.com '),
(467, 'mariaradennis@yahoo.com'),
(468, 'mollynjeri30@yahoo.com'),
(469, 'irene.kamau@braeburn.ac.ke'),
(470, 'machariagathari@yahoo.com'),
(471, 'jameswachi16@gmail.com'),
(472, 'tkhali@yahoo.com'),
(473, 'omondi.kenneth@gmail.com'),
(474, 'bravinnash49@gmail.com'),
(475, 'naomiwanjiruw@yahoo.com'),
(476, 'emi_njo@yahoo.com'),
(477, 'daveireri@gmail.com'),
(478, 'joe@intex.co.ke'),
(479, 'bornifacenganga12@gmail.com'),
(480, 'johnkimani.jk@gmail.com'),
(481, 'marieabbitu@yahoo.com'),
(482, 'Vincentmwiti@gmail.com'),
(483, 'jemmerkayc@gmail.com'),
(484, 'robertonyinge.matei@gmail.com'),
(485, 'mwangimagdalene@yahoo.com'),
(486, 'wanjaidah@gmail.com'),
(487, 'atsademaryiam2011@gmail.com'),
(488, 'mbotekp@gmail.com'),
(489, 'waweru.njeri@yahoo.com'),
(490, ' cindy@avohealth.co.ke'),
(491, 'zephaniahshikuku@gmail.com'),
(492, 'yunatiya@gmail.com'),
(493, 'ciru_221@yahoo.co.uk'),
(494, 'maxceaser2013@gmail.com'),
(495, 'joyjames4444400@yahoo.co.uk'),
(496, 'erotieno09@yahoo.com'),
(497, 'kaggiekaggz@gmail.com'),
(498, 'winniewgathoni@gmail.com'),
(499, 'kabetsa@gmail.com'),
(500, 'humbustephen@gmail.com'),
(501, 'jaflunga@yahoo.com'),
(502, 'n.hassan@kap-plastics.com'),
(503, 'samkariru@gmail.com'),
(504, 'Sherylokayo@gmail.com'),
(505, 'ngomoamos@yahoo.com'),
(506, 'egwambo@ymail.com'),
(507, 'mutukumwikali683@gmail.com'),
(508, 'M-pesaTraining@Safaricom.co.ke'),
(509, 'ruthwgathee@gmail.com'),
(510, 'justin@justin.co.ke'),
(511, 'jynekamande@gmail.com'),
(512, 'brhayan90@gmail.com'),
(513, 'chalesmwane@gmail.com'),
(514, 'sinnedanirak@gmail.com'),
(515, 'dennis.kuria@ymail.com'),
(516, 'Muurik@yahoo.com'),
(517, 'nmarende@gmail.com'),
(518, 'joendech@gmail.com'),
(519, 'ndukikiragu@gmail.com'),
(520, 'kiamapm@sheea.co.ke'),
(521, 'mainakairu@yahoo.com'),
(522, 'GMucheke@kcb.co.ke'),
(523, 'Roy.Mwalili@eapcc.co.ke'),
(524, 'info@designone.co.ke'),
(525, 'regmugz4@gmail.com'),
(526, 'jnyongesa96@gmail.com'),
(527, 'muriithihellen89@gmail.com'),
(528, 'zeneastafrica@yahoo.com'),
(529, 'gbkomora@yahoo.com'),
(530, 'rukwaroe@yahoo.com'),
(531, 'komenkeith@gmail.com'),
(532, 'georgelemomo@gmail.com'),
(533, 'penninah.mathenge@hotmail.com'),
(534, 'ops@africajourneys.co.ke'),
(535, 'escape@bonfireadventures.com'),
(536, 'gediondesai@yahoo.com'),
(537, 'mugo.peter1@gmail.com'),
(538, 'rnjuguna.rhoda@yahoo.com'),
(539, 'avkambo@yahoo.com'),
(540, 'jumba@creative-innovation.com'),
(541, 'patrickmunene99@gmail.com'),
(542, 'gitongaeric2012@mail.com'),
(543, 'rungujoyce@yahoo.com'),
(544, 'reservations@higherheights.co.ke'),
(545, 'awamuthoni8@gmail.com'),
(546, 'Robert.Kirui@equitybank.co.ke'),
(547, 'jayllahq4@gmail.com'),
(548, 'kabirunimrod@gmail.com'),
(549, 'nteerec@gmail.com'),
(550, 'mike@libertyafrica.com'),
(551, 'emmanuel@designone.co.ke'),
(552, 'musilande@yahoo.com'),
(553, 'mutuvishedrack@gmail.com'),
(554, 'Daniel.Mungai@nic-bank.com'),
(555, 'saenyidorothy@yahoo.com'),
(556, 'nchsma@yahoo.com'),
(557, 'liliankyuli@yahoo.com'),
(558, 'hezronia97@gmail.com'),
(559, 'joelwebdevthoughts@gmail.com'),
(560, 'otitowycliffe@yahoo.com'),
(561, 'operations@avantigroup.co.ke'),
(562, 'jimtcarter23@gmail.com'),
(563, 'gracacairo@gmail.com'),
(564, 'abdulman93.aa@gmail.com'),
(565, 'mwangianne74@yahoo.com'),
(566, 'peris.ruru@yahoo.com'),
(567, 'njorogel@nic-bank.com'),
(568, 'letubeya57@gmail.com'),
(569, 'anne.makhulo@gmail.com'),
(570, 'moolezyndanu@gmail.com'),
(571, 'fkmisyili@gmail.com'),
(572, 'timothyngumi@yahoo.com'),
(573, 'gayagnes@yahoo.com'),
(574, 'upmarketbranding@gmail.com'),
(575, 'ndambuki@palbinatravel.com'),
(576, 'kagiamartinchege@yahoo.com'),
(577, 'munyaka@blackhammock.co.ke'),
(578, 'nelson.mwita4@gmail.com'),
(579, 'stepautotyre@gmail.com'),
(580, 'admin@realmarktravel.co.ke'),
(581, 'info@airmaster.co.ke'),
(582, 'josephatokemo526@gmail.com'),
(583, 'kinyuawachira2@gmail.com'),
(584, 'cmwendwa.cindy@gmail.com'),
(585, 'maggykaris@yahoo.com'),
(586, 'wachera@tembea.co.ke'),
(587, 'askme@globetrotter.co.ke'),
(588, 'dikunyua@kpmg.co.ke'),
(589, 'trizawanjeri@yahoo.com'),
(590, 'ogwelj@yahoo.com'),
(591, 'Gift.D.Kimonge@sc.com'),
(592, 'sales01@impactkenya.co.ke'),
(593, 'huzefa.amirali@gmail.com'),
(594, 'peris.ngami@tri-b.co.ke'),
(595, 'andenga2001@yahoo.com'),
(596, 'maina.perpetua@gmail.com'),
(597, 'onyangod@kebs.org'),
(598, 'esther.wandimi@yahoo.com'),
(599, 'njogusamuel6@gmail.com'),
(600, 'projects@mericanltd.com'),
(601, 'cherotich.vickie@image.co.ke'),
(602, 'mary.kinyua@meridianequator.com'),
(603, 'jcodoyo007@yahoo.com'),
(604, 'naciwasco@nairobiwater.co.ke'),
(605, 'mwania.sebastian@yahoo.com'),
(606, 'lewis.mutwiri@yahoo.com'),
(607, 'milka.murigi@yahoo.com'),
(608, 'travel@zoujin-africa.com'),
(609, 'cindymwendwa@yahoo.com'),
(610, 'joybyegon@yahoo.com'),
(611, 'muthama.charles@gmail.com'),
(612, 'info@factsafaris.com'),
(613, 'charleswnote@yahoo.com'),
(614, 'artistjoel.jk@gmail.com'),
(615, 'sangjaphet@yahoo.com'),
(616, 'kipkemoikorir@yahoo.com'),
(617, 'jsewe@kcb.co.ke'),
(618, 'mkalakauli@gmail.com'),
(619, 'juliuskalanza@gmail.com'),
(620, 'simon.miano@equitybank.co.ke'),
(621, 'patnjosh@gmail.com'),
(622, 'muthomienos@gmail.com'),
(623, 'zippgathiti@yahoo.co.uk'),
(624, 'frncstm@gmail.com'),
(625, 'mwangi.symon@yahoo.com'),
(626, 'info@thesmartphonewaiter.com'),
(627, 'isaiah@utabibusacco.org'),
(628, 'francis@bammtours.co.ke'),
(629, 'himatsubushii@yahoo.co.jp'),
(630, 'msdido28@gmail.com'),
(631, 'kevmwan@yahoo.com'),
(632, 'mjacinta@cargen.com'),
(633, 'verajoan6@gmail.com'),
(634, 'info@splendorholidayskenya.com'),
(635, 'moses.karoki@radioafricagroup.co.ke'),
(636, 'sstores@heritagehotels.co.ke'),
(637, 'mark.leishmanphotography@gmail.com'),
(638, 'muriuki.em63@gmail.com'),
(639, 'njogu_fredrick@yahoo.com'),
(640, 'akamindo@yahoo.com'),
(641, 'peternjihia55@yahoo.com'),
(642, 'cenwaf66@gmail.com'),
(643, 'davembiti@gmail.com'),
(644, 'gmukami27@yahoo.com'),
(645, 'faithchebs@gmail.com'),
(646, 'suzziecarolle@yahoo.com'),
(647, 'irenewandela@gmail.com'),
(648, 'samisillah22222@yahoo.com'),
(649, 'olangnataline@gmail.com'),
(650, 'gatheshad@gmail.com'),
(651, 'Logistics@selectakenya.com'),
(652, 'ema.mbula@worldfoodfestival.net'),
(653, 'sharonvenus@gmail.cim'),
(654, 'stephenmwitari@gmail.com'),
(655, 'egachenga@strathmore.edu'),
(656, 'oceanviewaquariumskenya@gmail.com'),
(657, 'gideon@climacento.co.ke'),
(658, 'kosenjunior@gmail.com'),
(659, 'mohamediftikharsaeed@gmail.com'),
(660, 'bakariasharifabdullahi@gmail.com'),
(661, 'switneyster@gmail.com'),
(662, 'kaaneflorence@yahoo.com'),
(663, 'edwinmuta10@gmail.com'),
(664, 'maximillahtanui@yahoo.com'),
(665, 'rkhoi@ymail.com'),
(666, 'wavinyavictoria@gmail.com'),
(667, 'swmuigai@gmail.com'),
(668, 'daviekariuki@gmail.com'),
(669, 'fredktonui@yahoo.com'),
(670, 'pnereah@gmail.com'),
(671, 'cpanel@aurion.websitewelcome.com'),
(672, 'info@android.de'),
(673, 'edwin.wachira@gmail.com'),
(674, 'eric.ogweno@gmail.com'),
(675, 'amn8507@gmail.com'),
(676, 'liliankadeghe@gmail.com'),
(677, 'agmtours@agmtravelandtours.com'),
(678, 'mannjorosk28@gmail.com'),
(679, 'MAILER-DAEMON@gateway34.websitewelcome.com'),
(680, 'sonniesmox@yahoo.co.uk'),
(681, 'david.mwaniki@jtl.co.ke'),
(682, 'kaburakaranja1@gmail.com'),
(683, 'williamtravelgroup@gmail.com'),
(684, 'gracemaingi@yahoo.com'),
(685, 'JNyambageka@STANDARDMEDIA.CO.KE'),
(686, 'mwaruinu@gmail.com'),
(687, 'njogu.njeri@gmail.com'),
(688, 'karanjagm@gmail.com'),
(689, 'excellentautoassessors@yahoo.com'),
(690, 'jaredjoyce2000@yahoo.com'),
(691, '0705471535@aurion.websitewelcome.com'),
(692, 'felixmutua91@gmail.com'),
(693, 'Jane.Muguku@eabl.com'),
(694, 'gracerichugi@gmail.com'),
(695, 'hellen@capitalshelterltd.com'),
(696, 'asmauy@yahoo.com'),
(697, 'maureen.njoroge@jovago.com'),
(698, 'sheila@gamelandtours.co.ke'),
(699, 'williamomukhango_ranyu@yahoo.com'),
(700, 'shikokibe@gmail.com'),
(701, 'nicholas@wabcomventures.com'),
(702, 'info@otkenya.com'),
(703, 'elizabeth@mabati.com'),
(704, 'onesmus.kyalo@gmail.com'),
(705, 'rehemacandy@gmail.com'),
(706, 'vinniecalvins@yahoo.com'),
(707, 'gmwanga80@gmail.com'),
(708, 'info@vesselafrica.com'),
(709, 'danimmoh@yahoo.com'),
(710, 'sheilamollen@gmail.com'),
(711, 'muriithikatharaka@yahoo.com'),
(712, 'snganga955@gmail.com'),
(713, 'thomasmbugua@gmail.com'),
(714, 'solester9@gmail.com'),
(715, 'flora.kangethe@gmail.com'),
(716, 'silmarkents@gmail.com'),
(717, 'pius@piwawapower.com'),
(718, 'joelmwas@gmail.com'),
(719, 'nganyi.lucy@gmail.com'),
(720, 'cochieng93@yahoo.com'),
(721, 'ms@rene.co.ke'),
(722, 'mosesoumaogutu@gmail.com'),
(723, 'webdevapplication@gmail.com'),
(724, 'ngendojacklinegakono@gmail.com'),
(725, 'raymuthui@gmail.com'),
(726, 'veromeokemo@foresightgroup.co.ke'),
(727, 'rebecca@nodor-darts.com'),
(728, 'johnndirangu0@gmail.com'),
(729, 'viwangaimol@gmail.com'),
(730, 'feliviah.fo@gmail.com'),
(731, 'fmueni12@gmail.com'),
(732, 'bellamauka@gmail.com'),
(733, 'reservations@travelshoreafrica.com'),
(734, 'saajaa20@gmail.com'),
(735, 'njumwamburi@gmail.com'),
(736, 'info@frontiernativesafaris.com'),
(737, 'fmilimo@nairobiacademy.or.ke'),
(738, 'Andrew.Kioko@equitybank.co.ke'),
(739, 'ken.musimba@africanasavanatours.com'),
(740, 'supadvanta@gmail.com'),
(741, 'Diana.Panyako@equitybank.co.ke'),
(742, 'rachael.kamau@gmail.com'),
(743, 'emuthama4@gmail.com'),
(744, 'ruth@goodman.co.ke'),
(745, 'r.diano@bruschiqs.com'),
(746, 'wakenyaw@wakenya-wataliiexpenditions.co.ke'),
(747, 'lohakinyi@gmail.com'),
(748, 'lenszcammedia@gmail.com'),
(749, 'MKamau2@Safaricom.co.ke'),
(750, 'gbkfinancialservices@gmail.com'),
(751, 'info@extremeoutdoorsafrica.com'),
(752, 'rcyrus@carteblanche.travel'),
(753, 'lutzkaninkd@state.gov'),
(754, 'drmogpetbic@gmail.com'),
(755, 'alina@extendyourteam.net'),
(756, 'patriciaconte1@hotmail.com'),
(757, 'george.asati@ecotech.co.ke'),
(758, 'cmkanyi@gmail.com'),
(759, 'yvonne.s.achieng@gmail.com'),
(760, 'michael.muriuki@bradegatepoultry.com'),
(761, 'wamae@midsprings.co.ke'),
(762, 'addawanyonyi@gmail.com'),
(763, 'maria.j@accuratewebsolutions.in'),
(764, 'gramoh11@gmail.com'),
(765, 'crsctorgj@gmail.com'),
(766, 'slyelm2001@gmail.com'),
(767, 'bygxsyoohou@mail.com'),
(768, 'interrogativejn98@powerrmyhost.com'),
(769, 'sales3@kenyabuzz.com'),
(770, 'bosiemo@cespkenya.com'),
(771, 'mwangituto@yahoo.co.uk'),
(772, 'kevinnjoki@yahoo.com'),
(773, 'Elizabeth.Kigotho@ke.airtel.com'),
(774, 'dgitau@wakili.com'),
(775, 'sarunimula@gmail.com'),
(776, 'jamesgithinji@villacarekenya.com'),
(777, 'lionsacademymeru@gmail.com'),
(778, 'aggie92morgan@gmail.com'),
(779, 'Anne.Muchiri@goodhopetravel.co.ke'),
(780, 'asif.khan@avic-jac.com'),
(781, 'delivers@amazon.com'),
(782, 'beka15ke@gmail.com'),
(783, 'lyndakabwova@gmail.com'),
(784, 'factorialm59@marketmindful2.com'),
(785, 'alcoveaxg392@marketmindful2.com'),
(786, 'David.Osore@eabl.com'),
(787, 'onesmusnjeri@gmail.com'),
(788, 'christy@extendyourteam.net'),
(789, 'andreamwangi1@gmail.com'),
(790, 'alexthiongoh@gmail.com'),
(791, 'kidsntiaras@gmail.com'),
(792, 'Louis@getyourseoteam.net'),
(793, 'ianwaga@gmail.com'),
(794, 'gracegitau92@gmail.com'),
(795, 'Lipanampesa@Safaricom.co.ke'),
(796, 'rmatoju@gmail.com'),
(797, 'robert.matoju@verveko.com'),
(798, 'info@afroindustrial.com'),
(799, 'marketing@yellowpageskenya.com'),
(800, 'jngeruro@gmail.com'),
(801, 'paul@summits-africa.com'),
(802, 'boscolydia@gmail.com'),
(803, 'GOnchwari@Safaricom.co.ke'),
(804, 'lilianwaruta@yahoo.com'),
(805, 'shirowarui@gmail.com'),
(806, 'ndunyuedwinnjoka@gmail.com'),
(807, 'info@bottosolar.com'),
(808, 'kaharastephen@gmail.com'),
(809, 'gracemomanyi09@yahoo.com'),
(810, 'paulkamande1@gmail.com'),
(811, 'info@arrowdisplays.co.ke'),
(812, 'kk@kariukikamau.com'),
(813, 'viviannewahu@gmail.com'),
(814, 'abamwara@yahoo.com'),
(815, 'bongoyelameck@gmail.com'),
(816, 'minkakace@yahoo.com'),
(817, 'douglasmbugua14@gmail.com'),
(818, 'javanomond@gmail.com'),
(819, 'kithinjijason@yahoo.com'),
(820, 'Edna.Ngugi@equitybank.co.ke'),
(821, 'b12wambui@gmail.com'),
(822, 'gitongahr@gmail.com'),
(823, 'robert.maina@magnate-ventures.com'),
(824, 'faith@realtimecargo.com'),
(825, 'info@hirleysfurniture.com'),
(826, 'dnderito@yahoo.com'),
(827, 'hgiteru@gmail.com'),
(828, 'leo.gachomo@gmail.com'),
(829, 'wangaricharles@gmail.com'),
(830, 'jimkauma@gmail.com'),
(831, 'rnjuguna@jomwekattravel.com'),
(832, 'thukuambrosew@gmail.com'),
(833, 'sekumpaayei@gmail.com'),
(834, 'CCcorrespondenc@Safaricom.co.ke'),
(835, 'overlookedr82@codywyoming24.com'),
(836, 'vexation32@codywyoming24.com'),
(837, 'mercybarasa@yahoo.com'),
(838, 'lawrencebiegon@gmail.com'),
(839, 'awanjiru@villacarekenya.com'),
(840, 'benndungu82@yahoo.com'),
(841, 'pwhpelufwh@hotmail.com'),
(842, 'kimosm12@gmail.com'),
(843, 'linet.ojiambo@gmail.com'),
(844, 'evansonndichu@yahoo.com'),
(845, 'info@ea-safariadvisor.com'),
(846, 'lewiskiando13@gmail.com'),
(847, 'ambiashidi@gmail.com'),
(848, 'salomemuema@yahoo.com'),
(849, 'info@bluehub.co.ke'),
(850, 'wanjirunjara@yahoo.com'),
(851, 'krisngugi@gmail.com'),
(852, 'guru@flow.co.ke'),
(853, 'majunjau@yahoo.com'),
(854, 'felix@legibra.com'),
(855, 'adventures@mysticalroyaladventures.com'),
(856, 'cmwangic@gmail.com'),
(857, 'johwany@yahoo.com'),
(858, 'ganatrasif@gmail.com'),
(859, 'emxtgosn@gmail.com'),
(860, 'adhanom.adhanom@gmail.com'),
(861, 'kangee27@gmail.com'),
(862, 'suezernnyamu@gmail.com'),
(863, 'vmambo@Gmail.com'),
(864, 'nurezdawood@yahoo.com'),
(865, 'mwas.anto7@gmail.com'),
(866, 'isaac.ndirangu@fairmont.com'),
(867, 'bwmuriuki@yahoo.com'),
(868, 'bmuriuki@yahoo.com'),
(869, 'robzmedic@gmail.com'),
(870, 'vanessac330@gmail.com'),
(871, 'jkiminje@yahoo.com'),
(872, 'nkimanzi@gmail.com'),
(873, 'j.chege@hotmail.com'),
(874, 'kmitau@yahoo.com'),
(875, 'thambunjeru@gmail.com'),
(876, 'morynsil32@gmail.com'),
(877, 'martin.mwai@yahoo.com'),
(878, 'nthigam@yahoo.com'),
(879, 'hellen.njeeri@gmail.com'),
(880, 'wainarua@gmail.com'),
(881, 'curtismarubu@hotmail.com'),
(882, 'dj.samc@yahoo.com'),
(883, 'dennis.waititu@ke.sabmiller.com'),
(884, 'gachau79@gmail.com'),
(885, 'GMungai@uap-group.com'),
(886, 'lilianmuthoni21@gmail.com'),
(887, 'collette.wanjiku@shadesofafricasafaris.co.ke'),
(888, 'wangusara@gmail.com'),
(889, 'marymongo@yahoo.com'),
(890, 'faromainc@gmail.com'),
(891, 'dorcas.gichira@icpak.com'),
(892, 'rev.mathewkamau@gmail.com'),
(893, 'pmusomba@yahoo.com'),
(894, 'rkariuki2012@gmail.com'),
(895, 'sylvianjunge@aol.com'),
(896, 'lynnmbaika@gmail.com'),
(897, 'giakole@yahoo.com'),
(898, 'stevedims2013@gmail.com'),
(899, 'Godservice66@yahoo.com'),
(900, 'ellyandy09@gmail.com'),
(901, 'djanerosewangui@yahoo.com'),
(902, 'bwanyoike@gmail.com'),
(903, 'pss@eleser.com'),
(904, 'kmueke@yahoo.com'),
(905, 'jackienjaungiri@gmail.com'),
(906, 'rodah_ochira@yahoo.co.uk'),
(907, 'mwangelias@yahoo.com'),
(908, 'Nyokabi48@aurion.websitewelcome.com'),
(909, 'akamswear@gmail.com'),
(910, 'jipagjoska@gmail.com'),
(911, 'oloi.tours@gmail.com'),
(912, 'kkasewe@gmail.com'),
(913, 'Phanice.Dabani@jubileekenya.com'),
(914, 'moracha1975@gmail.com'),
(915, 'saiton28@gmail.com'),
(916, 'buntivnik@rambler.ru'),
(917, 'p.simon70@yahoo.com'),
(918, 'amanabaj@hotmail.com'),
(919, 'doreenmwangi28@gmail.com'),
(920, 'karikostanoo@gmail.com'),
(921, 'kinyashjunior@yahoo.com'),
(922, 'notification@readygraph.com'),
(923, 'phyllispwm@yahoo.com'),
(924, 'gatobuchristine@gmail.com'),
(925, 'kevinokinyi5@gmail.com'),
(926, 'fedelliceanangwe@gmail.com'),
(927, 'lalani_karim@hotmail.com'),
(928, 'waweruthukus@gail.com'),
(929, 'jnjagi82@gmail.com'),
(930, 'familyks@lookntake.com'),
(931, 'flomwai200@yahoo.com'),
(932, 'zjstarbwoy@gmail.com'),
(933, 'gmueke@cpf.or.ke'),
(934, 'DMusembi@Safaricom.co.ke'),
(935, 'rosegitongam@gmail.com'),
(936, 'jmburati@gmail.com'),
(937, 'francis.kieti@meridiantelecom.com'),
(938, 'mwas.lennox@gmail.com'),
(939, 'sam.ndegwa@safepay.co.ke'),
(940, 'hellen2002g@gmail.com'),
(941, 'mwachukag@gmail.com'),
(942, 'mpmambo1@gmail.com'),
(943, 'rozygat@yahoo.com'),
(944, 'mirykaress@gmail.com'),
(945, 'mmacharia@rea.co.ke'),
(946, 'Sjdmysh@yahoo.com'),
(947, 'Edde777@yahoo.com'),
(948, 'muriithi.evans@yahoo.com'),
(949, 'yegojullie@gmail.com'),
(950, 'skmurira@gmail.com'),
(951, 'cessmwangi05@yahoo.co.uk'),
(952, 'claramahinda@gmail.com'),
(953, 'mackarant@gmail.com'),
(954, 'chyator@yahoo.com'),
(955, 'wangeshielishifa@yahoo.com'),
(956, 'arthur.m@afrikav.com'),
(957, 'emwai008@gmail.com'),
(958, 'jbwaithera@gmail.com'),
(959, 'rgatembo@gmail.com'),
(960, 'tours@globalbusinesstravel.co.ke'),
(961, 'anthony_wamburu@yahoo.com'),
(962, 'customerservice@palacinainteriors.com'),
(963, 'josephwaweru96@gmail.com'),
(964, 'leah@MISSING_DOMAIN'),
(965, 'raphaelopiyo@live.com'),
(966, 'erikchiira40@gmail.com'),
(967, 'md@rupatcom.com'),
(968, 'lilsonia88@gmail.com'),
(969, 'josphat.n.munyuoke@gsk.com'),
(970, 'mcate39@gmail.com'),
(971, 'bernardkiura@yahoo.com'),
(972, 'mwangigithaiga07@yahoo.com'),
(973, 'miontita@yahoo.com'),
(974, 'settlements@jambopay.com'),
(975, 'mary.njuki@yahoo.com'),
(976, 'gilbertnjeru4@gmail.com'),
(977, 'ireneliliannjiri@yahoo.com'),
(978, 'vyonnaivy@gmail.com'),
(979, 'vnonnie@ymail.com'),
(980, 'wamatathi@yahoo.com'),
(981, 'shirokamau2000@yahoo.com'),
(982, 'japheth.orina@galanaoil.com'),
(983, 'cristiano.kiragu@gmail.com'),
(984, 'stanomadvd@gmail.com'),
(985, 'samwembu@gmail.com'),
(986, 'tom@creative-innovation.com'),
(987, 'atkinngare@gmail.com'),
(988, 'nceberk@gmail.com'),
(989, 'kigenfeisal@gmail.com'),
(990, 'tendington@gmail.com'),
(991, 'bravodantez@gmail.com'),
(992, 'loggerheadf5@numbclub.com'),
(993, 'bennduulu@yahoo.co.uk'),
(994, 'mdanga@cdc.gov'),
(995, 'tabithandiritu@yahoo.com'),
(996, 'essynju@gmail.com'),
(997, 'akwitechent@gmail.com'),
(998, 'hikingcamp@yahoo.com'),
(999, 'wambui.kai@gmail.com'),
(1000, 'ngangasm@goldrayssuppliers.com'),
(1001, 'paultele05@yahoo.com'),
(1002, 'nadeem@roy.co.ke'),
(1003, 'ready@mbambu.com'),
(1004, 'jmunyasia@yahoo.com'),
(1005, 'eomenda@ktb.go.ke'),
(1006, 'ali.massad@gmail.com'),
(1007, 'agrippinasm@numbclub.com'),
(1008, 'canjuri@logisticslink.co.ke'),
(1009, 'janjac176@live.com'),
(1010, 'w@1stpageplan.com'),
(1011, 'radhiyaabdul75@gmail.com'),
(1012, 'simon.munyoki@gmail.com'),
(1013, 'janemuriuki71.jw@gmail.com'),
(1014, 'lenson.muriungi@gmail.com'),
(1015, 'mwauradorcas@ymail.com'),
(1016, 'kimunye012@gmail.com'),
(1017, 'sophiemunyoro@yahoo.com'),
(1018, 'mbetewachira@gmail.com'),
(1019, 'dnjombai@gmail.com'),
(1020, 'gladys@advatech.co.ke'),
(1021, 'eknyagah14@gmail.com'),
(1022, 'gaotieno@micglobalrisks.com'),
(1023, 'baruazashiku@gmail.com'),
(1024, 'bdhkibanga@yahoo.com'),
(1025, 'sushinskijj-vitalijj@rambler.ru'),
(1026, 'sweetkare@gmail.com'),
(1027, 'kinymwaniki@yahoo.com'),
(1028, 'jefithanjagi@gmail.com'),
(1029, 'ricardorukwaro@gmail.com'),
(1030, 'fmugabo79@gmail.com'),
(1031, 'mucirifidel21@gmail.com'),
(1032, 'sophiemghoi@yahoo.com'),
(1033, 'cindy@avohealth.co.ke'),
(1034, 'samgae7@gmail.com'),
(1035, 'info@ulizalinks.co.ke'),
(1036, 'EKinyanjui2@Safaricom.co.ke'),
(1037, 'info@redcarpet.co.ke'),
(1038, 'kinyanjui.kombani@gmail.com'),
(1039, 'jumaaiddy@yahoo.com'),
(1040, 'carolnjeri.k@gmail.com'),
(1041, 'toniwans@gmail.com'),
(1042, 'danndirangu07@gmail.com'),
(1043, 'picarellimaria@outlook.com'),
(1044, 'johnganga2001@gmail.com'),
(1045, 'wairagusamuel@gmail.com'),
(1046, '0717992363@aurion.websitewelcome.com'),
(1047, 'wallace@chakaranch.com'),
(1048, 'Jacqueline.Mwai@ke.airtel.com'),
(1049, 'nderituantony46@gmail.com'),
(1050, 'corneliusndegwa@yahoo.com'),
(1051, 'immaculate@kws.go.ke'),
(1052, 'grace@chakaranch.com'),
(1053, 'ngurestephen01@gmail.com'),
(1054, 'edwinkinyua71@yahoo.com'),
(1055, 'pato.k2011@gmail.com'),
(1056, 'holidays@bushblazers.com'),
(1057, 'jacksonndirangu97@gmail.com'),
(1058, 'mkiprono@kcb.co.ke'),
(1059, 'mwasjoe50@yahoo.com'),
(1060, 'georgekangai@gmail.com'),
(1061, 'edmak2011@hotmail.com'),
(1062, 'enanmunyua2@gmail.com'),
(1063, 'jaredgilo@gmail.com'),
(1064, 'gmahianyu@gmail.com'),
(1065, 'mjsgroup@live.com'),
(1066, 'boblibertm@gmail.com'),
(1067, 'jwachira@MISSING_DOMAIN'),
(1068, 'atitomeg@yahoo.com'),
(1069, 'alicianunu70@gmail.com'),
(1070, 'pmativo@pacekenya.or.ke'),
(1071, 'bmudiri@gmail.com'),
(1072, 'jamesgichuhi@rocketmail.com'),
(1073, 'martin.mutiga@gmail.com'),
(1074, 'twinpeaks07@gmail.com'),
(1075, 'kamau52@yahoo.com'),
(1076, 'samuel@ihub.co.ke'),
(1077, 'mkakoro@gmail.com'),
(1078, 'gichleftie@gmail.com'),
(1079, 'daviz.thinwa@gmail.com'),
(1080, 'dmuiru2000@yahoo.co.uk'),
(1081, 'daisyk295@gmail.com'),
(1082, 'winniebaibee@yahoo.com'),
(1083, 'discernafrica@gmail.com'),
(1084, 'gkiarie@widelinkexpeditions.com'),
(1085, 'Tabitha.Maina@equitybank.co.ke'),
(1086, 'timo.gachoki@gmail.com'),
(1087, 'essentialtextiles@gmail.com'),
(1088, 'frankey334@gmail.com'),
(1089, 'MAILER-DAEMON@gateway14.websitewelcome.com'),
(1090, 'MAILER-DAEMON@gateway13.websitewelcome.com'),
(1091, 'MAILER-DAEMON@gateway05.websitewelcome.com'),
(1092, 'pmwangi@taxeac.com'),
(1093, 'nobleberg.mercantile@yahoo.com'),
(1094, 'henrym009@gmail.com'),
(1095, 'MAILER-DAEMON@gateway08.websitewelcome.com');

-- --------------------------------------------------------

--
-- Table structure for table `invoice`
--

CREATE TABLE IF NOT EXISTS `invoice` (
  `invoice_number` int(250) NOT NULL,
  `date_issued` date NOT NULL,
  `amount` int(250) NOT NULL,
  `status` enum('Paid','Cancelled','pending') NOT NULL,
  `section_id` int(250) NOT NULL,
  `cust_id` int(250) NOT NULL,
  `user_id` int(250) NOT NULL
) ENGINE=InnoDB AUTO_INCREMENT=281 DEFAULT CHARSET=latin1;

--
-- Dumping data for table `invoice`
--

INSERT INTO `invoice` (`invoice_number`, `date_issued`, `amount`, `status`, `section_id`, `cust_id`, `user_id`) VALUES
(168, '2015-06-25', 15000, 'pending', 5, 162, 4),
(169, '2015-06-25', 29700, 'pending', 5, 163, 4),
(170, '2015-06-25', 26250, 'pending', 5, 164, 1),
(171, '2015-06-26', 18750, 'pending', 5, 165, 4),
(172, '2015-06-29', 18000, 'pending', 5, 166, 4),
(173, '2015-07-02', 36000, 'pending', 5, 167, 4),
(174, '2015-07-03', 18750, 'pending', 5, 168, 4),
(175, '2015-07-03', 52500, 'pending', 5, 169, 4),
(176, '2015-07-03', 18750, 'pending', 5, 170, 5),
(177, '2015-07-03', 18000, 'pending', 5, 171, 5),
(178, '2015-07-03', 16750, 'pending', 5, 172, 4),
(179, '2015-07-03', 81000, 'pending', 5, 173, 4),
(180, '2015-07-03', 15000, 'pending', 5, 174, 4),
(181, '2015-07-05', 18000, 'pending', 5, 175, 4),
(182, '2015-07-08', 12000, 'pending', 5, 176, 4),
(183, '2015-07-09', 18000, 'pending', 5, 177, 5),
(184, '2015-07-09', 18000, 'pending', 5, 178, 5),
(185, '2015-07-09', 48600, 'pending', 5, 179, 5),
(186, '2015-07-12', 15000, 'pending', 5, 180, 4),
(187, '2015-07-12', 18000, 'pending', 5, 181, 4),
(188, '2015-07-12', 15000, 'pending', 5, 182, 4),
(189, '2015-07-12', 30000, 'pending', 5, 183, 4),
(190, '2015-07-15', 27000, 'pending', 5, 184, 4),
(191, '2015-07-15', 0, 'pending', 5, 185, 4),
(192, '2015-07-15', 18750, 'pending', 5, 186, 5),
(193, '2015-07-16', 36000, 'pending', 5, 187, 4),
(194, '2015-07-16', 36000, 'pending', 5, 188, 4),
(195, '2015-07-17', 52500, 'pending', 5, 189, 4),
(197, '2015-07-17', 28687, 'pending', 5, 191, 4),
(198, '2015-07-17', 63000, 'pending', 5, 192, 4),
(199, '2015-07-17', 22500, 'pending', 5, 193, 4),
(200, '2015-07-17', 18000, 'pending', 5, 194, 4),
(201, '2015-07-18', 18750, 'pending', 5, 195, 4),
(202, '2015-07-18', 26250, 'pending', 5, 196, 4),
(203, '2015-07-18', 56750, 'pending', 5, 197, 4),
(204, '2015-07-18', 31500, 'pending', 5, 198, 4),
(206, '2015-07-19', 31500, 'pending', 5, 200, 4),
(208, '2015-07-21', 23400, 'pending', 5, 202, 4),
(209, '2015-07-22', 94500, 'pending', 5, 203, 5),
(210, '2015-07-22', 0, 'pending', 5, 204, 4),
(211, '2015-07-22', 42000, 'pending', 5, 205, 4),
(212, '2015-07-23', 15000, 'pending', 5, 206, 5),
(213, '2015-07-23', 37500, 'pending', 5, 207, 4),
(214, '2015-07-23', 30000, 'pending', 5, 208, 5),
(215, '2015-07-23', 27000, 'pending', 5, 209, 4),
(216, '2015-07-24', 40500, 'pending', 5, 210, 4),
(217, '2015-07-24', 36000, 'pending', 5, 211, 4),
(218, '2015-07-24', 18000, 'pending', 5, 212, 4),
(219, '2015-07-24', 16875, 'pending', 5, 213, 4),
(220, '2015-07-26', 22500, 'pending', 5, 214, 4),
(221, '2015-07-29', 16200, 'pending', 5, 215, 4),
(222, '2015-07-29', 15000, 'pending', 5, 216, 4),
(223, '2015-07-29', 97500, 'pending', 5, 217, 5),
(224, '2015-08-01', 41250, 'pending', 5, 218, 4),
(225, '2015-08-03', 7200, 'pending', 5, 219, 4),
(226, '2015-08-04', 12000, 'pending', 5, 220, 4),
(227, '2015-08-05', 72000, 'pending', 5, 221, 4),
(228, '2015-08-05', 33000, 'pending', 5, 222, 4),
(230, '2015-08-07', 87750, 'pending', 5, 224, 4),
(232, '2015-08-07', 34000, 'pending', 5, 226, 4),
(233, '2015-08-07', 72000, 'pending', 5, 227, 4),
(234, '2015-08-07', 12000, 'pending', 5, 228, 4),
(235, '2015-08-07', 25000, 'pending', 5, 229, 4),
(236, '2015-08-08', 84000, 'pending', 5, 230, 4),
(237, '2015-08-08', 12000, 'pending', 5, 231, 4),
(238, '2015-08-08', 33750, 'pending', 5, 232, 4),
(239, '2015-08-09', 26250, 'pending', 5, 233, 4),
(240, '2015-08-11', 24000, 'pending', 5, 234, 4),
(241, '2015-08-12', 47250, 'pending', 5, 235, 4),
(242, '2015-08-12', 207900, 'pending', 5, 236, 4),
(244, '2015-08-13', 38250, 'pending', 5, 238, 5),
(245, '2015-08-13', 14400, 'pending', 5, 239, 4),
(246, '2015-08-13', 21000, 'pending', 5, 240, 5),
(247, '2015-08-13', 14400, 'pending', 5, 241, 5),
(249, '2015-08-13', 15000, 'pending', 5, 243, 5),
(250, '2015-08-13', 22500, 'pending', 5, 244, 5),
(251, '2015-08-13', 36000, 'pending', 5, 245, 5),
(252, '2015-08-13', 17400, 'pending', 5, 246, 5),
(253, '2015-08-15', 52500, 'pending', 5, 247, 4),
(254, '2015-08-15', 63750, 'pending', 5, 248, 4),
(255, '2015-08-15', 67500, 'pending', 5, 249, 4),
(256, '2015-08-15', 21000, 'pending', 5, 250, 4),
(257, '2015-08-15', 58500, 'pending', 5, 251, 4),
(258, '2015-08-15', 21000, 'pending', 5, 252, 4),
(259, '2015-08-15', 13000, 'pending', 5, 253, 4),
(260, '2015-08-15', 72900, 'pending', 5, 254, 4),
(261, '2015-08-18', 39600, 'pending', 5, 255, 5),
(262, '2015-08-18', 18000, 'pending', 5, 256, 5),
(263, '2015-08-18', 24300, 'pending', 5, 257, 5),
(264, '2015-08-18', 9000, 'pending', 5, 258, 5),
(265, '2015-08-18', 36000, 'pending', 5, 259, 5),
(266, '2015-08-18', 36000, 'pending', 5, 260, 5),
(268, '2015-08-18', 22500, 'pending', 5, 262, 5),
(269, '2015-08-18', 36000, 'pending', 5, 263, 5),
(270, '2015-08-18', 60000, 'pending', 5, 264, 5),
(271, '2015-08-18', 153090, 'pending', 5, 265, 4),
(272, '2015-08-19', 47250, 'pending', 5, 266, 5),
(273, '2015-08-19', 14400, 'pending', 5, 267, 4),
(274, '2015-08-19', 31875, 'pending', 5, 268, 4),
(275, '2015-08-19', 85950, 'pending', 5, 269, 4),
(276, '2015-08-19', 68250, 'pending', 5, 270, 4),
(277, '2015-08-20', 28350, 'pending', 5, 271, 5),
(278, '2015-08-24', 14400, 'pending', 5, 272, 5),
(279, '2015-08-24', 24000, 'pending', 5, 273, 5);

-- --------------------------------------------------------

--
-- Table structure for table `mpesa`
--

CREATE TABLE IF NOT EXISTS `mpesa` (
  `transaction_date` date NOT NULL,
  `float_amount` int(250) DEFAULT NULL,
  `cash_amount` int(250) DEFAULT NULL
) ENGINE=InnoDB DEFAULT CHARSET=latin1;

--
-- Dumping data for table `mpesa`
--

INSERT INTO `mpesa` (`transaction_date`, `float_amount`, `cash_amount`) VALUES
('2015-01-06', 5000, 1000),
('2015-01-09', 2000, 1000),
('2015-01-12', 50000, 2000),
('2015-01-13', 0, 0),
('2015-01-16', 56000, 3000),
('2015-01-20', 25000, 25000),
('2015-01-22', 20000, 30000),
('2015-01-23', 20000, 15000),
('2015-01-24', 20000, 50000),
('2015-01-28', 50000, 200000),
('2015-01-29', 20000, 60000),
('2015-01-30', 50000, 1000);

-- --------------------------------------------------------

--
-- Table structure for table `payment`
--

CREATE TABLE IF NOT EXISTS `payment` (
  `pay_id` int(250) NOT NULL,
  `payment_date` timestamp NOT NULL DEFAULT CURRENT_TIMESTAMP ON UPDATE CURRENT_TIMESTAMP,
  `amount` int(250) NOT NULL,
  `section_id` int(250) NOT NULL,
  `code` varchar(250) NOT NULL,
  `cust_id` int(250) NOT NULL
) ENGINE=InnoDB AUTO_INCREMENT=116 DEFAULT CHARSET=latin1;

--
-- Dumping data for table `payment`
--

INSERT INTO `payment` (`pay_id`, `payment_date`, `amount`, `section_id`, `code`, `cust_id`) VALUES
(1, '2015-06-24 09:04:17', 9000, 5, 'erioofdressz', 161),
(2, '2015-06-25 08:05:35', 15000, 5, 'JFN0LQ9I92', 162),
(3, '2015-06-25 08:16:36', 29700, 5, 'JFO0LX021M', 163),
(4, '2015-06-25 08:52:21', 15000, 5, 'JFP4M1S27Y', 164),
(5, '2015-06-26 11:42:27', 9375, 5, 'JFP1M50EFV', 165),
(6, '2015-06-29 13:36:15', 18000, 5, 'JFT8MSFFJE', 166),
(7, '2015-07-02 06:22:42', 18000, 5, 'JG24NCFWHU', 167),
(8, '2015-07-03 05:36:06', 14000, 5, 'JG2SNISIS3', 168),
(9, '2015-07-03 05:44:17', 20000, 5, 'JG31NJ9609', 169),
(10, '2015-07-03 09:11:51', 4750, 5, '', 168),
(11, '2015-07-03 09:31:30', 10000, 5, 'JG32NKPL26', 170),
(12, '2015-07-03 09:34:56', 10000, 5, 'JG22NHN392', 171),
(13, '2015-07-03 12:05:27', 16750, 5, 'JG32NMLRK4', 172),
(14, '2015-07-03 13:28:06', 35000, 5, 'JG37NMHCHV', 173),
(15, '2015-07-03 18:38:46', 5000, 5, 'JG35NPX7C5', 174),
(16, '2015-07-05 18:03:18', 18000, 5, 'JG44NWQ8IM', 175),
(17, '2015-07-08 05:53:55', 12000, 5, 'Cash', 176),
(18, '2015-07-09 06:04:37', 10000, 5, 'JG86ON80VU', 177),
(19, '2015-07-09 06:19:16', 10000, 5, 'JG850NHDE9', 178),
(20, '2015-07-09 06:23:25', 48600, 5, 'JG86OKVPM4', 179),
(21, '2015-07-12 12:15:12', 15000, 5, 'VISA', 180),
(22, '2015-07-12 12:17:18', 18000, 5, 'VISA', 181),
(23, '2015-07-12 12:20:20', 15000, 5, 'CASH', 182),
(24, '2015-07-12 12:22:41', 30000, 5, 'CASH', 183),
(25, '2015-07-15 05:35:18', 27000, 5, 'JGE1PUMYZZ', 184),
(26, '2015-07-15 05:36:46', 0, 5, 'JGE1PUMYZZ', 185),
(27, '2015-07-15 12:47:44', 18750, 5, ' JGF1PZ41GD', 186),
(28, '2015-07-16 06:44:07', 18000, 5, 'JGF0Q1J7A2', 187),
(29, '2015-07-16 06:48:25', 20000, 5, 'JGG6Q4CQTO', 188),
(30, '2015-07-17 05:53:43', 27000, 5, 'JGG2Q8IQZE', 189),
(32, '2015-07-17 09:33:57', 28687, 5, 'JGH9QCNZTJ', 191),
(33, '2015-07-17 09:49:42', 45000, 5, 'JGH3QD9EVZ', 192),
(34, '2015-07-17 13:25:03', 12000, 5, 'JGH4QE7TMQ', 193),
(35, '2015-07-17 18:20:56', 18000, 5, 'CASH', 194),
(36, '2015-07-18 06:26:28', 9375, 5, 'JGI1QITWA1', 195),
(37, '2015-07-18 06:29:57', 0, 5, 'N/A', 196),
(38, '2015-07-18 15:35:08', 56750, 5, 'VISA', 197),
(39, '2015-07-18 16:50:58', 31500, 5, 'VISA', 198),
(41, '2015-07-19 08:39:11', 31500, 5, 'VISA', 200),
(43, '2015-07-21 17:55:11', 23400, 5, 'CASH', 202),
(44, '2015-07-22 12:14:02', 94500, 5, 'JGM4RCBRHU/JGM2RCCB46', 203),
(45, '2015-07-22 13:13:57', 0, 5, 'XYZ', 204),
(46, '2015-07-22 13:42:32', 40000, 5, 'JGM6RCNCZ2', 205),
(47, '2015-07-23 10:32:12', 7500, 5, 'JGN5RIORI1', 206),
(48, '2015-07-23 11:29:54', 22500, 5, 'VISA', 207),
(49, '2015-07-23 11:59:50', 15000, 5, 'JGN1RJ8CNR', 208),
(50, '2015-07-23 15:53:01', 27000, 5, 'VISA', 209),
(51, '2015-07-24 09:36:13', 20000, 5, 'JGO2ROZTT8', 210),
(52, '2015-07-24 12:18:39', 20000, 5, 'JGO5RQFMCD', 211),
(53, '2015-07-24 14:22:55', 9000, 5, 'JGO3RR1YBD', 212),
(54, '2015-07-25 04:40:43', 16875, 5, 'CASH', 213),
(55, '2015-07-26 05:53:22', 22500, 5, 'VISA', 214),
(56, '2015-07-29 05:58:11', 8100, 5, 'JGS9SHK7XT', 215),
(57, '2015-07-29 06:02:36', 7500, 5, 'JGS9SFXUCL', 216),
(58, '2015-07-29 08:17:34', 48750, 5, 'JGT6SK35QE ', 217),
(59, '2015-08-01 17:46:08', 30000, 5, 'JGV1T0EXXR', 218),
(60, '2015-08-03 13:34:59', 7200, 5, 'VISA', 219),
(61, '2015-08-04 13:47:08', 0, 5, '000000', 220),
(62, '2015-08-05 07:38:52', 50400, 5, 'JH53TX8B25', 221),
(63, '2015-08-05 07:41:29', 20000, 5, 'JH59TY1519', 222),
(65, '2015-08-07 07:43:23', 20000, 5, 'JH61U95KCF', 224),
(67, '2015-08-07 08:05:29', 30000, 5, 'JH52TYZPNQ', 226),
(68, '2015-08-07 08:07:19', 0, 5, 'JH52TYZPNQ', 227),
(69, '2015-08-07 08:11:31', 0, 5, 'XYZ', 228),
(70, '2015-08-07 10:19:58', 25000, 5, 'JH72UEG7RI', 229),
(71, '2015-08-08 06:10:03', 40000, 5, 'JH71UH6EF9', 230),
(72, '2015-08-08 06:13:12', 12000, 5, 'VISA', 231),
(73, '2015-08-08 06:28:22', 15000, 5, 'JH84UKHLB0', 232),
(74, '2015-08-09 14:04:23', 26250, 5, 'JH90UUG7ZW', 233),
(75, '2015-08-11 13:33:34', 12000, 5, 'JHBOV8B3FM', 234),
(76, '2015-08-12 06:44:49', 40000, 5, 'JGU6SQHXLQ', 235),
(77, '2015-08-12 06:50:34', 100000, 5, 'CHEQUE ', 236),
(79, '2015-08-13 07:12:42', 15000, 5, 'JHC5VL2TPH', 238),
(80, '2015-08-13 07:21:41', 14400, 5, 'JHB8VBSKAI', 239),
(81, '2015-08-13 07:32:43', 21000, 5, 'xyz', 240),
(82, '2015-08-13 07:34:38', 14400, 5, 'xyz', 241),
(84, '2015-08-13 08:50:05', 15000, 5, 'JHC9VI47TF', 243),
(85, '2015-08-13 11:41:14', 22500, 5, ' JHD3VMNLNN', 244),
(86, '2015-08-13 12:23:58', 18000, 5, 'JHC9VL1PAV', 245),
(87, '2015-08-13 12:39:31', 6000, 5, 'JHC5VGW5GF', 246),
(88, '2015-08-15 17:58:34', 23500, 5, 'JHF5W0SQIB', 247),
(89, '2015-08-15 18:04:35', 37500, 5, 'JHD8VMNB4C/JHD4VODBDW', 248),
(90, '2015-08-15 18:11:44', 35000, 5, 'JHF5W5UZHV', 249),
(91, '2015-08-15 18:17:03', 21000, 5, 'JHD3VOXOA1', 250),
(92, '2015-08-15 18:20:34', 58500, 5, 'VISA', 251),
(93, '2015-08-15 18:31:21', 21000, 5, 'VISA', 252),
(94, '2015-08-15 18:32:29', 13000, 5, 'VISA', 253),
(95, '2015-08-15 18:39:00', 35000, 5, 'JH74UEIXM2', 254),
(96, '2015-08-18 08:14:13', 20000, 5, 'JHH7WH52GF', 255),
(97, '2015-08-18 08:16:52', 18000, 5, 'JHI8WMJZT6', 256),
(98, '2015-08-18 08:20:56', 24300, 5, 'JHG1W8FL9B', 257),
(99, '2015-08-18 08:23:03', 9000, 5, 'VISA', 258),
(100, '2015-08-18 08:26:36', 18000, 5, 'JHH7WHDX63', 259),
(101, '2015-08-18 08:42:57', 18000, 5, 'JHI4WM3JLC', 260),
(103, '2015-08-18 09:08:59', 11250, 5, 'JHG7WCUKDF', 262),
(104, '2015-08-18 11:49:20', 18000, 5, 'JHE2VYNZUO', 263),
(105, '2015-08-18 11:52:33', 30000, 5, 'JHH2WGVAFI', 264),
(106, '2015-08-18 16:13:07', 153090, 5, 'CHEQUE 00006', 265),
(107, '2015-08-19 08:48:58', 24000, 5, 'JHJ8WTDKT0', 266),
(108, '2015-08-19 12:39:59', 14400, 5, 'JH1WP6CEF', 267),
(109, '2015-08-19 12:48:55', 31875, 5, 'JHJ9WSRF25', 268),
(110, '2015-08-19 12:54:25', 45000, 5, 'JHJ0WUJPF4', 269),
(111, '2015-08-19 13:02:51', 30000, 5, 'JHF6W6U9A4', 270),
(112, '2015-08-20 11:54:06', 28350, 5, 'JHJ4WXACPC', 271),
(113, '2015-08-24 12:13:05', 14400, 5, 'JH02XRXA3G', 272),
(114, '2015-08-24 12:27:54', 12000, 5, 'JH03XTM3XD', 273);

-- --------------------------------------------------------

--
-- Table structure for table `reservation`
--

CREATE TABLE IF NOT EXISTS `reservation` (
  `order_id` int(250) NOT NULL,
  `arrival_date` datetime NOT NULL,
  `departure_date` datetime NOT NULL,
  `cust_id` int(250) NOT NULL,
  `status` enum('Active','Cancelled','Changed') NOT NULL,
  `booking_date` timestamp NOT NULL DEFAULT CURRENT_TIMESTAMP ON UPDATE CURRENT_TIMESTAMP,
  `invoice_number` int(11) NOT NULL,
  `user_id` int(250) NOT NULL,
  `description` varchar(250) NOT NULL,
  `meal` varchar(250) NOT NULL
) ENGINE=InnoDB AUTO_INCREMENT=319 DEFAULT CHARSET=latin1;

--
-- Dumping data for table `reservation`
--

INSERT INTO `reservation` (`order_id`, `arrival_date`, `departure_date`, `cust_id`, `status`, `booking_date`, `invoice_number`, `user_id`, `description`, `meal`) VALUES
(1, '2015-03-21 00:00:00', '2015-03-22 00:00:00', 1, '', '2015-06-24 08:32:57', 1, 4, '0', '0'),
(2, '2015-03-21 00:00:00', '2015-03-22 00:00:00', 2, '', '2015-06-24 08:32:57', 2, 4, '0', '0'),
(3, '2015-03-21 00:00:00', '2015-03-22 00:00:00', 3, '', '2015-06-24 08:32:57', 3, 4, '0', '0'),
(4, '2015-04-03 00:00:00', '2015-04-05 00:00:00', 4, '', '2015-06-24 08:32:57', 4, 4, '0', '0'),
(5, '2015-04-03 00:00:00', '2015-04-05 00:00:00', 4, '', '2015-06-24 08:32:57', 4, 4, '0', '0'),
(6, '2015-04-03 00:00:00', '2015-04-06 00:00:00', 5, '', '2015-06-24 08:32:57', 5, 4, '0', '0'),
(7, '2015-04-04 00:00:00', '2015-04-05 00:00:00', 6, '', '2015-06-24 08:32:57', 6, 4, '0', '0'),
(8, '2015-04-03 00:00:00', '2015-04-06 00:00:00', 7, '', '2015-06-24 08:32:57', 7, 4, '0', '0'),
(9, '2015-03-21 00:00:00', '2015-03-22 00:00:00', 8, '', '2015-06-24 08:32:57', 8, 4, '0', '0'),
(10, '2015-03-23 00:00:00', '2015-03-24 00:00:00', 9, '', '2015-06-24 08:32:57', 9, 4, '0', '0'),
(11, '2015-04-02 00:00:00', '2015-04-05 00:00:00', 10, '', '2015-06-24 08:32:57', 10, 4, '0', '0'),
(14, '2015-03-28 00:00:00', '2015-03-29 00:00:00', 14, '', '2015-06-24 08:32:57', 14, 4, '0', '0'),
(16, '2015-03-27 00:00:00', '2015-03-28 00:00:00', 15, '', '2015-06-24 08:32:57', 15, 4, '0', '0'),
(29, '2015-03-27 00:00:00', '2015-03-28 00:00:00', 17, '', '2015-06-24 08:32:57', 17, 4, '0', '0'),
(30, '2015-04-03 00:00:00', '2015-04-05 00:00:00', 18, '', '2015-06-24 08:32:57', 18, 4, '0', '0'),
(31, '2015-03-28 00:00:00', '2015-03-29 00:00:00', 20, '', '2015-06-24 08:32:57', 20, 4, '0', '0'),
(32, '2015-04-03 00:00:00', '2015-04-06 00:00:00', 21, '', '2015-06-24 08:32:57', 21, 4, '0', '0'),
(33, '2015-04-03 00:00:00', '2015-04-05 00:00:00', 22, '', '2015-06-24 08:32:57', 22, 4, '0', '0'),
(38, '2015-04-03 00:00:00', '2015-04-04 00:00:00', 24, '', '2015-06-24 08:32:57', 24, 4, '0', '0'),
(39, '2015-04-03 00:00:00', '2015-04-04 00:00:00', 26, '', '2015-06-24 08:32:57', 26, 4, '0', '0'),
(40, '2015-04-03 00:00:00', '2015-04-04 00:00:00', 27, '', '2015-06-24 08:32:57', 27, 4, '0', '0'),
(43, '2015-04-06 00:00:00', '2015-04-07 00:00:00', 29, '', '2015-06-24 08:32:57', 29, 4, '0', '0'),
(45, '2015-04-07 00:00:00', '2015-04-08 00:00:00', 30, '', '2015-06-24 08:32:57', 30, 4, '0', '0'),
(46, '2015-04-07 00:00:00', '2015-04-08 00:00:00', 31, '', '2015-06-24 08:32:57', 31, 4, '0', '0'),
(47, '2015-04-17 11:00:00', '2015-04-19 14:00:00', 32, '', '2015-06-24 08:32:57', 32, 4, '0', '0'),
(48, '2015-04-17 11:00:00', '2015-04-19 14:00:00', 33, '', '2015-06-24 08:32:57', 33, 4, '0', '0'),
(49, '2015-04-07 00:00:00', '2015-04-08 00:00:00', 34, '', '2015-06-24 08:32:57', 34, 4, '0', '0'),
(50, '2015-04-10 11:00:00', '2015-04-12 14:00:00', 37, '', '2015-06-24 08:32:57', 37, 4, '0', '0'),
(51, '2015-04-10 11:00:00', '2015-04-12 14:00:00', 37, '', '2015-06-24 08:32:57', 37, 4, '0', '0'),
(52, '2015-04-11 11:00:00', '2015-04-12 14:00:00', 38, '', '2015-06-24 08:32:57', 38, 4, '0', '0'),
(53, '2015-04-10 11:00:00', '2015-04-11 14:00:00', 39, '', '2015-06-24 08:32:57', 39, 4, '0', '0'),
(59, '2015-04-13 11:00:00', '2015-04-14 14:00:00', 41, '', '2015-06-24 08:32:57', 41, 4, '0', '0'),
(62, '2015-04-14 11:00:00', '2015-04-15 14:00:00', 42, '', '2015-06-24 08:32:57', 42, 4, '0', '0'),
(63, '2015-04-14 11:00:00', '2015-04-15 14:00:00', 44, '', '2015-06-24 08:32:57', 44, 4, '0', '0'),
(64, '2015-04-17 11:00:00', '2015-04-18 14:00:00', 45, '', '2015-06-24 08:32:57', 45, 4, '0', '0'),
(65, '2015-04-17 11:00:00', '2015-04-18 14:00:00', 46, '', '2015-06-24 08:32:57', 46, 4, '0', '0'),
(66, '2015-04-18 11:00:00', '2015-04-19 14:00:00', 47, '', '2015-06-24 08:32:57', 47, 4, '0', '0'),
(67, '2015-04-18 11:00:00', '2015-04-19 14:00:00', 48, '', '2015-06-24 08:32:57', 48, 4, '0', '0'),
(68, '2015-04-16 11:00:00', '2015-04-17 14:00:00', 49, '', '2015-06-24 08:32:57', 49, 4, '0', '0'),
(69, '2015-04-17 11:00:00', '2015-04-18 14:00:00', 50, '', '2015-06-24 08:32:57', 50, 4, '0', '0'),
(70, '2015-04-18 11:00:00', '2015-04-19 14:00:00', 51, '', '2015-06-24 08:32:57', 51, 4, '0', '0'),
(71, '2015-04-17 11:00:00', '2015-04-18 14:00:00', 54, '', '2015-06-24 08:32:57', 54, 4, '0', '0'),
(72, '2015-04-18 11:00:00', '2015-04-19 14:00:00', 56, '', '2015-06-24 08:32:57', 56, 4, '0', '0'),
(73, '2015-04-18 11:00:00', '2015-04-19 14:00:00', 57, '', '2015-06-24 08:32:57', 57, 4, '0', '0'),
(74, '2015-04-19 11:00:00', '2015-04-20 14:00:00', 58, '', '2015-06-24 08:32:57', 58, 4, '0', '0'),
(85, '2015-05-28 11:00:00', '2015-06-01 14:00:00', 59, '', '2015-06-24 08:32:57', 59, 4, '0', '0'),
(87, '2015-04-20 11:00:00', '2015-04-21 14:00:00', 60, '', '2015-06-24 08:32:57', 60, 4, '0', '0'),
(88, '2015-04-20 11:00:00', '2015-04-21 14:00:00', 60, '', '2015-06-24 08:32:57', 60, 4, '0', '0'),
(89, '2015-04-20 11:00:00', '2015-04-21 14:00:00', 60, '', '2015-06-24 08:32:57', 60, 4, '0', '0'),
(90, '2015-04-22 11:00:00', '2015-04-23 14:00:00', 61, '', '2015-06-24 08:32:57', 61, 4, '0', '0'),
(91, '2015-04-22 11:00:00', '2015-04-23 14:00:00', 61, '', '2015-06-24 08:32:57', 61, 4, '0', '0'),
(92, '2015-04-30 11:00:00', '2015-05-01 14:00:00', 62, '', '2015-06-24 08:32:57', 62, 4, '0', '0'),
(93, '2015-04-30 11:00:00', '2015-05-01 14:00:00', 63, '', '2015-06-24 08:32:57', 63, 4, '0', '0'),
(94, '2015-04-30 11:00:00', '2015-05-01 14:00:00', 64, '', '2015-06-24 08:32:57', 64, 4, '0', '0'),
(95, '2015-05-01 11:00:00', '2015-05-02 14:00:00', 65, '', '2015-06-24 08:32:57', 65, 4, '0', '0'),
(96, '2015-05-01 11:00:00', '2015-05-02 14:00:00', 66, '', '2015-06-24 08:32:57', 66, 4, '0', '0'),
(97, '2015-04-22 11:00:00', '2015-04-24 14:00:00', 67, '', '2015-06-24 08:32:57', 67, 4, '0', '0'),
(98, '2015-04-22 11:00:00', '2015-04-24 14:00:00', 68, '', '2015-06-24 08:32:57', 68, 4, '0', '0'),
(99, '2015-04-22 11:00:00', '2015-04-24 14:00:00', 68, '', '2015-06-24 08:32:57', 68, 4, '0', '0'),
(100, '2015-05-01 11:00:00', '2015-05-03 14:00:00', 69, '', '2015-06-24 08:32:57', 69, 4, '0', '0'),
(101, '2015-05-01 11:00:00', '2015-05-03 14:00:00', 70, '', '2015-06-24 08:32:57', 70, 4, '0', '0'),
(102, '2015-04-25 11:00:00', '2015-04-26 14:00:00', 71, '', '2015-06-24 08:32:57', 71, 4, '0', '0'),
(105, '2015-04-24 11:00:00', '2015-04-25 14:00:00', 74, '', '2015-06-24 08:32:57', 74, 4, '0', '0'),
(109, '2015-04-25 11:00:00', '2015-04-26 14:00:00', 76, '', '2015-06-24 08:32:57', 76, 4, '0', '0'),
(110, '2015-04-24 11:00:00', '2015-04-25 14:00:00', 77, '', '2015-06-24 08:32:57', 77, 4, '0', '0'),
(111, '2015-04-25 11:00:00', '2015-04-26 14:00:00', 78, '', '2015-06-24 08:32:57', 78, 4, '0', '0'),
(112, '2015-04-25 11:00:00', '2015-04-26 14:00:00', 78, '', '2015-06-24 08:32:57', 78, 4, '0', '0'),
(113, '2015-05-01 11:00:00', '2015-05-02 14:00:00', 79, '', '2015-06-24 08:32:57', 79, 4, '0', '0'),
(114, '2015-05-01 11:00:00', '2015-05-02 14:00:00', 79, '', '2015-06-24 08:32:57', 79, 4, '0', '0'),
(115, '2015-04-25 11:00:00', '2015-04-26 14:00:00', 80, '', '2015-06-24 08:32:57', 80, 4, '0', '0'),
(116, '2015-04-25 11:00:00', '2015-04-26 14:00:00', 81, '', '2015-06-24 08:32:57', 81, 4, '0', '0'),
(118, '2015-04-25 11:00:00', '2015-04-26 14:00:00', 82, '', '2015-06-24 08:32:57', 82, 4, '0', '0'),
(119, '2015-04-25 11:00:00', '2015-04-26 14:00:00', 83, '', '2015-06-24 08:32:57', 83, 4, '0', '0'),
(120, '2015-04-26 11:00:00', '2015-04-27 14:00:00', 84, '', '2015-06-24 08:32:57', 84, 4, '0', '0'),
(121, '2015-05-02 11:00:00', '2015-05-03 14:00:00', 85, '', '2015-06-24 08:32:57', 85, 4, '0', '0'),
(122, '2015-05-02 11:00:00', '2015-05-03 14:00:00', 86, '', '2015-06-24 08:32:57', 86, 4, '0', '0'),
(123, '2015-04-29 11:00:00', '2015-04-30 14:00:00', 87, '', '2015-06-24 08:32:57', 87, 4, '0', '0'),
(124, '2015-05-09 11:00:00', '2015-05-10 14:00:00', 88, '', '2015-06-24 08:32:57', 88, 4, '0', '0'),
(127, '2015-05-05 11:00:00', '2015-05-06 14:00:00', 91, '', '2015-06-24 08:32:57', 91, 4, '0', '0'),
(129, '2015-05-08 11:00:00', '2015-05-09 14:00:00', 92, '', '2015-06-24 08:32:57', 92, 4, '0', '0'),
(130, '2015-05-16 11:00:00', '2015-05-17 14:00:00', 93, '', '2015-06-24 08:32:57', 93, 4, '0', '0'),
(131, '2015-05-16 11:00:00', '2015-05-17 14:00:00', 94, '', '2015-06-24 08:32:57', 94, 4, '0', '0'),
(132, '2015-05-08 11:00:00', '2015-05-09 14:00:00', 96, '', '2015-06-24 08:32:57', 96, 4, '0', '0'),
(133, '2015-05-08 11:00:00', '2015-05-09 14:00:00', 96, '', '2015-06-24 08:32:57', 96, 4, '0', '0'),
(134, '2015-05-23 11:00:00', '2015-05-24 14:00:00', 97, '', '2015-06-24 08:32:57', 97, 4, '0', '0'),
(138, '2015-05-16 11:00:00', '2015-05-17 14:00:00', 102, '', '2015-06-24 08:32:57', 109, 4, '0', '0'),
(139, '2015-05-16 11:00:00', '2015-05-17 14:00:00', 102, '', '2015-06-24 08:32:57', 109, 4, '0', '0'),
(140, '2015-05-16 11:00:00', '2015-05-17 14:00:00', 102, '', '2015-06-24 08:32:57', 109, 4, '0', '0'),
(141, '2015-05-16 11:00:00', '2015-05-17 14:00:00', 103, '', '2015-06-24 08:32:57', 110, 4, '0', '0'),
(142, '2015-05-16 11:00:00', '2015-05-17 14:00:00', 103, '', '2015-06-24 08:32:57', 110, 4, '0', '0'),
(143, '2015-05-16 11:00:00', '2015-05-17 14:00:00', 103, '', '2015-06-24 08:32:57', 110, 4, '0', '0'),
(145, '2015-05-16 11:00:00', '2015-05-17 14:00:00', 105, '', '2015-06-24 08:32:57', 112, 4, '0', '0'),
(146, '2015-05-16 11:00:00', '2015-05-17 14:00:00', 106, '', '2015-06-24 08:32:57', 113, 4, '0', '0'),
(147, '2015-05-16 11:00:00', '2015-05-17 14:00:00', 107, '', '2015-06-24 08:32:57', 114, 4, '0', '0'),
(148, '2015-05-23 11:00:00', '2015-05-24 14:00:00', 108, '', '2015-06-24 08:32:57', 115, 4, '0', '0'),
(151, '2015-05-23 11:00:00', '2015-05-24 14:00:00', 109, '', '2015-06-24 08:32:57', 116, 4, '0', '0'),
(152, '2015-05-23 11:00:00', '2015-05-24 14:00:00', 110, '', '2015-06-24 08:32:57', 117, 4, '0', '0'),
(153, '2015-05-23 11:00:00', '2015-05-24 14:00:00', 111, '', '2015-06-24 08:32:57', 118, 4, '0', '0'),
(154, '2015-05-23 11:00:00', '2015-05-24 14:00:00', 120, '', '2015-06-24 08:32:57', 127, 4, '0', '0'),
(155, '2015-05-23 11:00:00', '2015-05-24 14:00:00', 121, '', '2015-06-24 08:32:57', 128, 4, '0', '0'),
(156, '2015-05-23 11:00:00', '2015-05-24 14:00:00', 122, '', '2015-06-24 08:32:57', 129, 4, '0', '0'),
(157, '2015-05-23 11:00:00', '2015-05-24 14:00:00', 125, '', '2015-06-24 08:32:57', 132, 4, '0', '0'),
(158, '2015-05-23 11:00:00', '2015-05-24 14:00:00', 126, '', '2015-06-24 08:32:57', 133, 4, '0', '0'),
(159, '2015-05-22 11:00:00', '2015-05-23 14:00:00', 127, '', '2015-06-24 08:32:57', 134, 4, '0', '0'),
(160, '2015-05-24 11:00:00', '2015-05-25 14:00:00', 128, '', '2015-06-24 08:32:57', 135, 4, '0', '0'),
(162, '2015-06-06 11:00:00', '2015-06-07 14:00:00', 129, '', '2015-06-24 08:32:57', 136, 4, '0', '0'),
(164, '2015-05-27 11:00:00', '2015-05-28 14:00:00', 130, '', '2015-06-24 08:32:57', 137, 4, '0', '0'),
(165, '2015-05-28 11:00:00', '2015-05-29 14:00:00', 131, '', '2015-06-24 08:32:57', 138, 4, '0', '0'),
(166, '2015-05-27 11:00:00', '2015-05-28 14:00:00', 132, '', '2015-06-24 08:32:57', 139, 4, '0', '0'),
(167, '2015-05-29 11:00:00', '2015-06-01 14:00:00', 133, '', '2015-06-24 08:32:57', 140, 4, '0', '0'),
(168, '2015-06-05 11:00:00', '2015-06-06 14:00:00', 134, '', '2015-06-24 08:32:57', 141, 4, '0', '0'),
(170, '2015-06-05 11:00:00', '2015-06-06 14:00:00', 135, '', '2015-06-24 08:32:57', 142, 4, '0', '0'),
(171, '2015-06-06 11:00:00', '2015-06-07 14:00:00', 136, '', '2015-06-24 08:32:57', 143, 4, '0', '0'),
(172, '2015-06-06 11:00:00', '2015-06-07 14:00:00', 137, '', '2015-06-24 08:32:57', 144, 4, '0', '0'),
(173, '2015-06-09 11:00:00', '2015-06-10 14:00:00', 138, '', '2015-06-24 08:32:57', 145, 4, '0', '0'),
(174, '2015-06-13 11:00:00', '2015-06-14 14:00:00', 139, '', '2015-06-24 08:32:57', 146, 4, '0', '0'),
(175, '2015-06-13 11:00:00', '2015-06-14 14:00:00', 139, '', '2015-06-24 08:32:57', 146, 4, '0', '0'),
(176, '2015-06-13 11:00:00', '2015-06-14 14:00:00', 140, '', '2015-06-24 08:32:57', 147, 4, '0', '0'),
(177, '2015-06-12 11:00:00', '2015-06-14 14:00:00', 141, '', '2015-06-24 08:32:57', 148, 4, '0', '0'),
(178, '2015-06-13 11:00:00', '2015-06-14 14:00:00', 142, '', '2015-06-24 08:32:57', 149, 4, '0', '0'),
(179, '2015-06-13 11:00:00', '2015-06-14 14:00:00', 143, '', '2015-06-24 08:32:57', 150, 4, '0', '0'),
(180, '2015-06-13 11:00:00', '2015-06-14 14:00:00', 145, '', '2015-06-24 08:32:57', 152, 4, '0', '0'),
(183, '2015-06-18 11:00:00', '2015-06-20 14:00:00', 147, '', '2015-06-24 08:32:57', 154, 4, '0', '0'),
(184, '2015-06-20 11:00:00', '2015-06-21 14:00:00', 149, '', '2015-06-24 08:32:57', 156, 4, '0', '0'),
(188, '2015-06-20 11:00:00', '2015-06-21 14:00:00', 149, '', '2015-06-24 08:32:57', 156, 4, '0', '0'),
(190, '2015-06-19 11:00:00', '2015-06-20 14:00:00', 150, '', '2015-06-24 08:32:57', 157, 4, '0', '0'),
(191, '2015-06-19 11:00:00', '2015-06-20 14:00:00', 151, '', '2015-06-24 08:32:57', 158, 4, '0', '0'),
(192, '2015-06-20 11:00:00', '2015-06-21 14:00:00', 152, '', '2015-06-24 08:32:57', 159, 4, '0', '0'),
(193, '2015-06-20 11:00:00', '2015-06-21 14:00:00', 153, '', '2015-06-24 08:32:57', 160, 4, '0', '0'),
(194, '2015-06-20 11:00:00', '2015-06-21 14:00:00', 154, '', '2015-06-24 08:32:57', 161, 4, '0', '0'),
(196, '2015-06-20 11:00:00', '2015-06-22 14:00:00', 155, 'Active', '2015-06-20 16:38:03', 162, 4, '0', '0'),
(197, '2015-06-20 11:00:00', '2015-06-21 14:00:00', 156, '', '2015-06-24 08:32:57', 163, 4, '0', '0'),
(198, '2015-06-27 11:00:00', '2015-06-28 14:00:00', 157, 'Active', '2015-06-24 07:17:16', 164, 4, '0', '0'),
(200, '2015-06-27 11:00:00', '2015-06-28 14:00:00', 158, 'Active', '2015-06-24 07:21:07', 165, 4, '0', '0'),
(201, '2015-06-27 11:00:00', '2015-06-28 14:00:00', 159, 'Active', '2015-06-24 07:23:03', 166, 4, '0', '0'),
(202, '2015-06-27 11:00:00', '2015-06-28 14:00:00', 160, 'Active', '2015-06-26 12:52:59', 167, 4, '1 Double Del;uxe', 'Half'),
(203, '2015-06-27 11:00:00', '2015-06-28 14:00:00', 162, 'Active', '2015-06-26 12:50:51', 168, 4, '1 Double Standard', 'Half'),
(206, '2015-06-27 11:00:00', '2015-06-28 14:00:00', 163, 'Active', '2015-06-26 12:51:23', 169, 4, '1 Double Standard & 2 single Standard', 'Half'),
(207, '2015-06-27 11:00:00', '2015-06-28 14:00:00', 164, 'Active', '2015-06-26 12:51:44', 170, 1, '2 Double Standards', 'Half'),
(209, '2015-06-26 11:00:00', '2015-06-27 14:00:00', 165, 'Active', '2015-06-26 12:52:10', 171, 4, 'Triple standard', 'Half'),
(210, '2015-07-04 11:00:00', '2015-07-05 14:00:00', 166, 'Active', '2015-06-29 13:36:15', 172, 4, '1 Double deluxe', 'Half'),
(211, '2015-07-04 11:00:00', '2015-07-05 14:00:00', 167, 'Active', '2015-07-02 06:22:42', 173, 4, '1 Double Deluxe & 1 Triple Deluxe', 'Half'),
(212, '2015-07-02 11:00:00', '2015-07-03 14:00:00', 168, 'Active', '2015-07-03 05:40:47', 174, 4, '1 Triple Standard', 'Half'),
(213, '2015-07-03 11:00:00', '2015-07-05 14:00:00', 169, 'Active', '2015-07-03 05:44:17', 175, 4, '1 Double Standard & 1 Twin Standard', 'Half'),
(214, '2015-07-03 11:00:00', '2015-07-04 14:00:00', 170, 'Active', '2015-07-03 09:31:30', 176, 5, 'Triple Standard ', 'Half Board '),
(215, '2015-07-03 11:00:00', '2015-07-04 14:00:00', 171, 'Active', '2015-07-03 09:34:56', 177, 5, 'Double Deluxe', 'Half Board'),
(216, '2015-07-03 11:00:00', '2015-07-04 14:00:00', 172, 'Active', '2015-07-03 12:05:27', 178, 4, '1 Double Standard', 'Half'),
(217, '2015-07-04 11:00:00', '2015-07-05 14:00:00', 173, 'Active', '2015-07-03 13:28:06', 179, 4, '6 Twin Standard Rooms', 'Half'),
(218, '2015-07-03 11:00:00', '2015-07-04 14:00:00', 174, 'Active', '2015-07-03 18:38:46', 180, 4, '1 Double Standard', 'Half board'),
(219, '2015-07-04 11:00:00', '2015-07-05 14:00:00', 175, 'Active', '2015-07-05 18:03:18', 181, 4, '1 Double Deluxe', 'Half board'),
(220, '2015-07-07 11:00:00', '2015-07-08 14:00:00', 176, 'Active', '2015-07-08 05:53:55', 182, 4, '1 Double Standard', 'Half'),
(221, '2015-07-09 11:00:00', '2015-07-10 14:00:00', 177, 'Active', '2015-07-09 06:04:37', 183, 5, 'Triple Standard', 'Half Board'),
(222, '2015-07-25 11:00:00', '2015-07-26 14:00:00', 178, 'Active', '2015-07-09 06:19:16', 184, 5, 'Double Deluxe', 'Half Board'),
(223, '2015-07-14 11:00:00', '2015-07-17 14:00:00', 179, 'Active', '2015-07-09 06:23:25', 185, 5, 'Double Deluxe', 'Half Board'),
(224, '2015-07-11 11:00:00', '2015-07-12 14:00:00', 180, 'Active', '2015-07-12 12:15:12', 186, 4, 'Triple standard room', 'Half board'),
(225, '2015-07-11 11:00:00', '2015-07-12 14:00:00', 181, 'Active', '2015-07-12 12:17:18', 187, 4, '1 Double Deluxe', 'Half board'),
(226, '2015-07-11 11:00:00', '2015-07-12 14:00:00', 182, 'Active', '2015-07-12 12:20:20', 188, 4, '1 Double Standard', 'Half board'),
(227, '2015-07-11 11:00:00', '2015-07-12 14:00:00', 183, 'Active', '2015-07-12 12:22:41', 189, 4, '2 Double Standards', 'Half board'),
(228, '2015-07-14 11:00:00', '2015-07-15 14:00:00', 184, 'Active', '2015-07-15 05:35:18', 190, 4, '2 Triple Standard', 'Half'),
(229, '2015-07-14 11:00:00', '2015-07-15 14:00:00', 185, 'Active', '2015-07-15 05:36:46', 191, 4, '2 Triple Standard', 'Half'),
(230, '2015-07-18 11:00:00', '2015-07-19 14:00:00', 186, 'Active', '2015-07-15 12:47:44', 192, 5, 'Triple Standard', 'Half Board'),
(231, '2015-07-18 11:00:00', '2015-07-19 14:00:00', 187, 'Active', '2015-07-20 06:04:49', 193, 4, 'Double Deluxe', 'Half'),
(232, '2015-07-17 11:00:00', '2015-07-19 14:00:00', 188, 'Active', '2015-07-16 06:48:25', 194, 4, 'Double Deluxe', 'Half'),
(233, '2015-07-17 11:00:00', '2015-07-19 14:00:00', 189, 'Active', '2015-07-17 05:53:43', 195, 4, '2 Double Standards', 'Half'),
(235, '2015-07-18 11:00:00', '2015-07-19 14:00:00', 191, 'Active', '2015-07-17 09:33:57', 197, 4, 'Double Standard & Triple Standard', 'Half'),
(236, '2015-07-17 11:00:00', '2015-07-19 14:00:00', 192, 'Active', '2015-07-17 09:49:42', 198, 4, '2 Double Deluxe', 'Half'),
(237, '2015-07-17 11:00:00', '2015-07-18 14:00:00', 193, 'Active', '2015-07-17 13:25:03', 199, 4, 'Triple Standard', 'Half Board'),
(238, '2015-07-17 11:00:00', '2015-07-18 14:00:00', 194, 'Active', '2015-07-17 18:20:56', 200, 4, 'Double Deluxe', 'Half board'),
(239, '2015-07-18 11:00:00', '2015-07-19 14:00:00', 195, 'Active', '2015-07-18 06:26:28', 201, 4, 'Triple standard room', 'Half board'),
(240, '2015-07-18 11:00:00', '2015-07-19 14:00:00', 196, 'Active', '2015-07-18 06:29:57', 202, 4, '1 Double Standard & 1 Twin Standard', 'Half board'),
(241, '2015-07-18 11:00:00', '2015-07-19 14:00:00', 197, 'Active', '2015-07-18 15:35:08', 203, 4, '3 Double Superior', 'Half board'),
(242, '2015-07-18 11:00:00', '2015-07-19 14:00:00', 198, 'Active', '2015-07-18 16:50:58', 204, 4, 'Triple Superior Room', 'Half board'),
(244, '2015-07-18 11:00:00', '2015-07-19 14:00:00', 200, 'Active', '2015-07-19 08:39:11', 206, 4, 'Triple Superior Room', 'Half board'),
(246, '2015-07-21 11:00:00', '2015-07-22 14:00:00', 202, 'Active', '2015-07-21 17:55:11', 208, 4, 'Double Deluxe & Double Standard', 'Half board'),
(247, '2015-07-23 11:00:00', '2015-07-26 14:00:00', 203, 'Active', '2015-07-22 12:14:02', 209, 5, 'Double Standard', 'Half Board'),
(248, '2015-07-24 11:00:00', '2015-07-26 14:00:00', 204, 'Active', '2015-07-22 13:13:57', 210, 4, '2 Twin Superior', 'Half Board'),
(249, '2015-07-25 11:00:00', '2015-07-26 14:00:00', 205, 'Active', '2015-07-22 13:42:32', 211, 4, '1 Double Superior & 1 Triple superior', 'Half Board'),
(250, '2015-07-24 11:00:00', '2015-07-25 14:00:00', 206, 'Active', '2015-07-23 10:32:12', 212, 5, 'Double Standard', 'Half Board'),
(251, '2015-07-24 11:00:00', '2015-07-26 14:00:00', 207, 'Active', '2015-07-23 11:29:54', 213, 4, 'Triple standard', 'Half Board'),
(252, '2015-07-24 11:00:00', '2015-07-26 14:00:00', 208, 'Active', '2015-07-23 11:59:50', 214, 5, 'Double Standard', 'Half Board'),
(253, '2015-07-23 11:00:00', '2015-07-24 14:00:00', 209, 'Active', '2015-07-23 15:53:01', 215, 4, '2 Triple standard room', 'Half board'),
(254, '2015-07-25 11:00:00', '2015-07-26 14:00:00', 210, 'Active', '2015-07-24 09:36:13', 216, 4, '1 Double Deluxe & 1 Triple Standard', 'Half board'),
(255, '2015-07-24 11:00:00', '2015-07-26 14:00:00', 211, 'Active', '2015-07-24 12:18:39', 217, 4, 'Double Deluxe', 'Half board'),
(256, '2015-07-25 11:00:00', '2015-07-26 14:00:00', 212, 'Active', '2015-07-24 14:22:55', 218, 4, '2 Single Standards', 'Half board'),
(257, '2015-07-24 11:00:00', '2015-07-25 14:00:00', 213, 'Active', '2015-07-25 04:40:43', 219, 4, 'Triple standard room', 'Half board'),
(258, '2015-07-25 11:00:00', '2015-07-26 14:00:00', 214, 'Active', '2015-07-26 05:53:22', 220, 4, 'Triple Deluxe', 'Half board'),
(259, '2015-07-28 11:00:00', '2015-07-29 14:00:00', 215, 'Active', '2015-07-29 05:58:11', 221, 4, 'Single Standard & Twin Standard', 'Half Board'),
(260, '2015-08-07 11:00:00', '2015-08-08 14:00:00', 216, 'Active', '2015-07-29 06:02:36', 222, 4, 'Double Standard', 'Half Board'),
(261, '2015-08-14 11:00:00', '2015-08-16 14:00:00', 217, 'Active', '2015-07-29 08:17:34', 223, 5, 'Triple Standard & 02 Double Standards ', 'Half Board'),
(262, '2015-08-01 11:00:00', '2015-08-02 14:00:00', 218, 'Active', '2015-08-01 17:46:08', 224, 4, 'Double standard, Twin Standard, Twin Standard', 'Half board'),
(263, '2015-08-03 11:00:00', '2015-08-04 14:00:00', 219, 'Active', '2015-08-03 13:34:59', 225, 4, 'Single Standard', 'Half Board'),
(264, '2015-08-04 11:00:00', '2015-08-05 14:00:00', 220, 'Active', '2015-08-04 13:47:08', 226, 4, 'Twin Double Standard', 'Half Board'),
(265, '2015-08-05 11:00:00', '2015-08-07 14:00:00', 221, 'Active', '2015-08-05 07:38:52', 227, 4, '3 Double Deluxe', 'Half'),
(266, '2015-08-06 11:00:00', '2015-08-07 14:00:00', 222, 'Active', '2015-08-05 07:41:29', 228, 4, 'Double Standard, Twin Standard & Triple Standard', 'Half Board'),
(268, '2015-08-07 11:00:00', '2015-08-10 14:00:00', 224, 'Active', '2015-08-07 07:43:23', 230, 4, '1 Double Deluxe & 1 Twin Standard', 'Half Board'),
(270, '2015-08-13 11:00:00', '2015-08-14 14:00:00', 226, 'Active', '2015-08-07 08:05:29', 232, 4, '1 Single Standard, 1 Single Deluxe, 1 Triple Standard', 'Half Board'),
(271, '2015-08-14 11:00:00', '2015-08-15 14:00:00', 227, 'Active', '2015-08-07 08:07:19', 233, 4, '1 Single Standard, 3 Double Standards & 1 Double Deluxe', 'Half Board'),
(272, '2015-08-08 11:00:00', '2015-08-09 14:00:00', 228, 'Active', '2015-08-07 08:11:31', 234, 4, 'Triple Standard', 'Half Board'),
(273, '2015-08-08 11:00:00', '2015-08-09 14:00:00', 229, 'Active', '2015-08-07 10:19:58', 235, 4, '1 Triple Standard', 'Half Board'),
(274, '2015-08-08 11:00:00', '2015-08-10 14:00:00', 230, 'Active', '2015-08-08 06:10:03', 236, 4, '2 Double Superior', 'Half board'),
(275, '2015-08-07 11:00:00', '2015-08-08 14:00:00', 231, 'Active', '2015-08-08 06:13:12', 237, 4, 'Double Standard', 'Half board'),
(276, '2015-08-08 11:00:00', '2015-08-09 14:00:00', 232, 'Active', '2015-08-08 06:28:22', 238, 4, '2 Double Standards', 'Half board'),
(277, '2015-08-09 11:00:00', '2015-08-10 14:00:00', 233, 'Active', '2015-08-09 14:04:23', 239, 4, '2 Double Standards', 'Half board'),
(278, '2015-08-12 11:00:00', '2015-08-13 14:00:00', 234, 'Active', '2015-08-11 13:33:34', 240, 4, '2 Triple Standard', 'Half Board'),
(279, '2015-08-22 11:00:00', '2015-08-23 14:00:00', 235, 'Active', '2015-08-12 06:44:49', 241, 4, 'Triple Superior & Twin Superior', 'Half board'),
(280, '2015-08-15 11:00:00', '2015-08-16 14:00:00', 236, 'Active', '2015-08-12 06:50:34', 242, 4, '5 Doube Standard, 4 Double Deluxe, 4 Double Superior', 'Half board'),
(282, '2015-08-14 11:00:00', '2015-08-15 14:00:00', 238, 'Active', '2015-08-13 07:12:42', 244, 5, 'Double Deluxe', 'Half Board'),
(283, '2015-08-11 11:00:00', '2015-08-12 14:00:00', 239, 'Active', '2015-08-13 07:21:41', 245, 4, 'Double Deluxe', 'Half board'),
(284, '2015-08-12 11:00:00', '2015-08-13 14:00:00', 240, 'Active', '2015-08-13 07:32:43', 246, 5, 'Triple Standard', 'Half Board'),
(285, '2015-08-12 11:00:00', '2015-08-13 14:00:00', 241, 'Active', '2015-08-13 07:34:38', 247, 5, 'Double Deluxe', 'Half Board'),
(287, '2015-08-16 11:00:00', '2015-08-17 14:00:00', 243, 'Active', '2015-08-13 08:50:05', 249, 5, 'Double Standard', 'Half Board'),
(288, '2015-08-18 11:00:00', '2015-08-19 14:00:00', 244, 'Active', '2015-08-13 11:41:14', 250, 5, 'Double Standard', 'Half Board'),
(289, '2015-08-19 11:00:00', '2015-08-21 14:00:00', 245, 'Active', '2015-08-13 12:23:58', 251, 5, 'Double Standard', 'Half Board'),
(290, '2015-08-19 11:00:00', '2015-08-20 14:00:00', 246, 'Active', '2015-08-13 12:39:31', 252, 5, 'Double Standard', 'Half Board'),
(291, '2015-08-16 11:00:00', '2015-08-17 14:00:00', 247, 'Active', '2015-08-15 17:58:34', 253, 4, '2 Twin Standards & 2 Double Standards', 'Half board'),
(292, '2015-08-22 11:00:00', '2015-08-23 14:00:00', 248, 'Active', '2015-08-15 18:04:35', 254, 4, '1 Double Standard, 2 Triple Standard & 1 Twin Standard', 'Half board'),
(293, '2015-08-21 11:00:00', '2015-08-23 14:00:00', 249, 'Active', '2015-08-15 18:11:44', 255, 4, 'Twin Standard & Triple Standard', 'Half board'),
(294, '2015-08-13 11:00:00', '2015-08-14 14:00:00', 250, 'Active', '2015-08-15 18:17:03', 256, 4, 'Double Standard & Triple Standard', 'Half board'),
(295, '2015-08-14 11:00:00', '2015-08-15 14:00:00', 251, 'Active', '2015-08-15 18:20:34', 257, 4, 'Double Deluxe, Triple Superior & Single Standard', 'Half board'),
(296, '2015-08-14 11:00:00', '2015-08-15 14:00:00', 252, 'Active', '2015-08-15 18:31:21', 258, 4, 'Double Superior', 'Half board'),
(297, '2015-08-14 11:00:00', '2015-08-15 14:00:00', 253, 'Active', '2015-08-15 18:32:29', 259, 4, 'Single Superior', 'Half board'),
(298, '2015-08-18 11:00:00', '2015-08-21 14:00:00', 254, 'Active', '2015-08-15 18:39:00', 260, 4, '2 Triple Standards', 'Half board'),
(299, '2015-08-20 11:00:00', '2015-08-22 14:00:00', 255, 'Active', '2015-08-18 08:14:13', 261, 5, 'Single Deluxe X02', 'Half Board'),
(300, '2015-08-18 11:00:00', '2015-08-19 14:00:00', 256, 'Active', '2015-08-18 08:16:52', 262, 5, 'Double Deluxe', 'Half Board'),
(301, '2015-08-16 11:00:00', '2015-08-18 14:00:00', 257, 'Active', '2015-08-18 08:20:56', 263, 5, 'Twin Deluxe', 'Half Board'),
(302, '2015-08-17 11:00:00', '2015-08-18 14:00:00', 258, 'Active', '2015-08-18 08:23:03', 264, 5, 'Double Standard', 'Half Board'),
(303, '2015-08-18 11:00:00', '2015-08-21 14:00:00', 259, 'Active', '2015-08-18 08:26:36', 265, 5, 'Double Standard', 'Half Board'),
(304, '2015-08-18 11:00:00', '2015-08-19 14:00:00', 260, 'Active', '2015-08-18 08:42:57', 266, 5, 'Double Standard & 02 Triple Standard ', 'Half Board'),
(306, '2015-08-22 11:00:00', '2015-08-23 14:00:00', 262, 'Active', '2015-08-18 09:08:59', 268, 5, 'Twin Deluxe', 'Half Board'),
(307, '2015-08-21 11:00:00', '2015-08-22 14:00:00', 263, 'Active', '2015-08-18 11:49:20', 269, 5, 'Double Standard X02', 'Half Board'),
(308, '2015-08-22 11:00:00', '2015-08-24 14:00:00', 264, 'Active', '2015-08-18 11:52:33', 270, 5, 'Triple Standard x02', 'Half Board'),
(309, '2015-08-19 11:00:00', '2015-08-23 14:00:00', 265, 'Active', '2015-08-18 16:13:07', 271, 4, 'Double Superior & Triple Superior', 'Half board'),
(310, '2015-08-20 11:00:00', '2015-08-22 14:00:00', 266, 'Active', '2015-08-19 08:48:58', 272, 5, '02 Double Standard', 'Half Board'),
(311, '2015-08-18 11:00:00', '2015-08-19 14:00:00', 267, 'Active', '2015-08-19 12:39:59', 273, 4, 'Double Deluxe', 'Half Board'),
(312, '2015-08-21 11:00:00', '2015-08-22 14:00:00', 268, 'Active', '2015-08-19 12:48:55', 274, 4, 'Double Standard & Triple Standard', 'Half Board'),
(313, '2015-08-28 11:00:00', '2015-08-30 14:00:00', 269, 'Active', '2015-08-19 12:54:25', 275, 4, 'Single Deluxe, Double Deluxe, Triple Standard', 'Half Board'),
(314, '2015-08-23 11:00:00', '2015-08-26 14:00:00', 270, 'Active', '2015-08-19 13:02:51', 276, 4, 'Triple standard', 'Half Board'),
(315, '2015-08-23 11:00:00', '2015-08-25 14:00:00', 271, 'Active', '2015-08-20 11:54:06', 277, 5, 'Double Superior', 'Half Board'),
(316, '2015-08-24 11:00:00', '2015-08-25 14:00:00', 272, 'Active', '2015-08-24 12:13:05', 278, 5, 'Double Deluxe', 'Half Board'),
(317, '2015-08-25 11:00:00', '2015-08-27 14:00:00', 273, 'Active', '2015-08-24 12:27:54', 279, 5, 'Triple Standard', 'Half Board');

-- --------------------------------------------------------

--
-- Table structure for table `room`
--

CREATE TABLE IF NOT EXISTS `room` (
  `room_no` int(11) NOT NULL,
  `name` varchar(25) NOT NULL,
  `cat_id` int(250) NOT NULL,
  `room_id` int(250) NOT NULL,
  `Status` enum('available','Unavailable') NOT NULL
) ENGINE=InnoDB DEFAULT CHARSET=latin1;

--
-- Dumping data for table `room`
--

INSERT INTO `room` (`room_no`, `name`, `cat_id`, `room_id`, `Status`) VALUES
(1, 'Deluxe King', 2, 2, 'available'),
(2, 'Deluxe Twin', 2, 2, 'available'),
(3, 'Deluxe King', 2, 2, 'available'),
(4, 'Deluxe Twin', 2, 2, 'available'),
(5, 'Standard twin', 1, 2, 'available'),
(6, 'Standard twin', 1, 2, 'available'),
(7, 'Standard twin', 1, 2, 'available'),
(8, 'Standard twin', 1, 2, 'available'),
(9, 'Standard twin', 1, 2, 'available'),
(10, 'Not Ready', 1, 1, 'Unavailable'),
(11, 'Not Ready', 1, 1, 'Unavailable'),
(12, 'Garden Wing', 3, 2, 'available'),
(13, 'Garden Wing', 3, 2, 'available'),
(14, 'Garden Wing', 3, 2, 'available'),
(15, 'Garden Wing', 3, 2, 'available'),
(16, 'Standard triple', 1, 3, 'available'),
(17, 'Standard triple', 1, 3, 'available'),
(18, 'Standard triple', 1, 3, 'available');

-- --------------------------------------------------------

--
-- Table structure for table `room_rates`
--

CREATE TABLE IF NOT EXISTS `room_rates` (
  `room_id` int(250) NOT NULL,
  `cat_id` int(250) NOT NULL,
  `rate` int(250) NOT NULL,
  `season_id` int(250) NOT NULL
) ENGINE=InnoDB DEFAULT CHARSET=latin1;

--
-- Dumping data for table `room_rates`
--

INSERT INTO `room_rates` (`room_id`, `cat_id`, `rate`, `season_id`) VALUES
(1, 1, 10000, 1),
(1, 1, 10000, 2),
(1, 2, 13000, 1),
(2, 1, 20000, 1),
(2, 2, 26000, 1);

-- --------------------------------------------------------

--
-- Table structure for table `room_reservation`
--

CREATE TABLE IF NOT EXISTS `room_reservation` (
  `room_no` int(250) NOT NULL,
  `order_id` int(250) NOT NULL,
  `Adults` int(250) NOT NULL,
  `Child_A` int(250) NOT NULL,
  `child_B` int(250) NOT NULL
) ENGINE=InnoDB DEFAULT CHARSET=latin1;

--
-- Dumping data for table `room_reservation`
--

INSERT INTO `room_reservation` (`room_no`, `order_id`, `Adults`, `Child_A`, `child_B`) VALUES
(1, 11, 2, 1, 0),
(1, 29, 2, 0, 0),
(1, 38, 1, 0, 0),
(1, 47, 2, 0, 0),
(1, 62, 2, 0, 0),
(1, 92, 1, 0, 0),
(1, 120, 2, 2, 0),
(1, 124, 2, 0, 0),
(1, 140, 1, 0, 0),
(1, 154, 2, 0, 0),
(1, 171, 2, 0, 0),
(1, 177, 2, 2, 0),
(1, 191, 2, 0, 0),
(1, 193, 2, 0, 0),
(1, 200, 2, 0, 0),
(1, 210, 2, 0, 0),
(1, 215, 1, 2, 0),
(1, 222, 2, 0, 0),
(1, 223, 2, 0, 0),
(1, 225, 2, 0, 0),
(1, 231, 2, 0, 0),
(1, 238, 2, 0, 0),
(1, 246, 2, 0, 1),
(1, 265, 2, 0, 0),
(1, 268, 2, 0, 0),
(1, 270, 1, 0, 0),
(1, 271, 2, 0, 0),
(1, 280, 0, 0, 0),
(1, 283, 2, 0, 0),
(1, 285, 2, 0, 0),
(1, 299, 1, 0, 1),
(1, 300, 2, 1, 0),
(1, 301, 1, 1, 1),
(1, 306, 2, 1, 1),
(1, 313, 1, 0, 0),
(1, 316, 2, 0, 0),
(2, 33, 2, 2, 0),
(2, 48, 0, 2, 0),
(2, 63, 1, 1, 0),
(2, 93, 2, 0, 0),
(2, 109, 2, 1, 0),
(2, 142, 2, 0, 0),
(2, 155, 2, 0, 0),
(2, 194, 2, 0, 0),
(2, 201, 1, 1, 0),
(2, 211, 1, 2, 0),
(2, 232, 2, 0, 0),
(2, 254, 2, 0, 0),
(2, 265, 1, 1, 0),
(2, 280, 0, 0, 0),
(2, 282, 2, 0, 0),
(2, 299, 1, 0, 0),
(2, 311, 2, 0, 0),
(2, 313, 2, 0, 0),
(2, 315, 1, 1, 0),
(3, 3, 2, 0, 0),
(3, 66, 2, 1, 0),
(3, 69, 2, 1, 0),
(3, 85, 2, 0, 0),
(3, 94, 2, 1, 0),
(3, 111, 2, 0, 0),
(3, 143, 2, 0, 0),
(3, 156, 2, 0, 0),
(3, 202, 1, 2, 0),
(3, 219, 2, 0, 0),
(3, 236, 1, 1, 3),
(3, 255, 2, 0, 1),
(3, 265, 0, 2, 0),
(3, 280, 0, 0, 0),
(3, 282, 0, 3, 1),
(3, 312, 0, 3, 1),
(4, 14, 1, 0, 0),
(4, 71, 2, 0, 0),
(4, 74, 2, 1, 0),
(4, 112, 2, 0, 0),
(4, 157, 2, 0, 0),
(4, 196, 1, 1, 0),
(4, 236, 2, 0, 0),
(4, 258, 2, 1, 1),
(4, 280, 0, 0, 0),
(4, 295, 2, 0, 0),
(5, 1, 2, 0, 0),
(5, 4, 1, 2, 0),
(5, 10, 2, 0, 0),
(5, 31, 2, 0, 0),
(5, 45, 2, 0, 0),
(5, 50, 2, 0, 0),
(5, 59, 2, 0, 0),
(5, 64, 1, 0, 0),
(5, 68, 1, 0, 0),
(5, 87, 2, 0, 0),
(5, 90, 2, 0, 0),
(5, 95, 2, 0, 0),
(5, 102, 2, 0, 0),
(5, 123, 1, 2, 0),
(5, 127, 2, 0, 0),
(5, 130, 2, 0, 0),
(5, 132, 2, 0, 0),
(5, 134, 2, 0, 0),
(5, 159, 2, 0, 0),
(5, 160, 2, 0, 0),
(5, 162, 2, 0, 0),
(5, 164, 2, 0, 0),
(5, 165, 2, 0, 0),
(5, 167, 2, 0, 0),
(5, 168, 2, 0, 0),
(5, 174, 2, 0, 0),
(5, 184, 2, 0, 0),
(5, 198, 2, 0, 0),
(5, 209, 2, 1, 1),
(5, 212, 2, 1, 2),
(5, 213, 2, 0, 0),
(5, 220, 2, 0, 0),
(5, 226, 2, 0, 2),
(5, 233, 2, 0, 1),
(5, 246, 1, 1, 0),
(5, 247, 2, 0, 0),
(5, 259, 1, 0, 0),
(5, 260, 2, 0, 1),
(5, 261, 2, 0, 0),
(5, 262, 2, 0, 0),
(5, 263, 1, 0, 0),
(5, 264, 2, 0, 0),
(5, 266, 2, 0, 0),
(5, 270, 1, 0, 0),
(5, 276, 2, 1, 1),
(5, 277, 2, 0, 0),
(5, 287, 2, 0, 0),
(5, 288, 2, 0, 0),
(5, 290, 2, 0, 0),
(5, 292, 2, 0, 1),
(5, 302, 1, 1, 0),
(5, 307, 2, 0, 0),
(6, 5, 2, 0, 0),
(6, 9, 2, 0, 0),
(6, 43, 2, 0, 0),
(6, 51, 2, 0, 0),
(6, 65, 2, 0, 0),
(6, 88, 2, 0, 0),
(6, 96, 0, 2, 0),
(6, 97, 2, 0, 0),
(6, 115, 2, 0, 0),
(6, 131, 0, 2, 0),
(6, 133, 2, 0, 0),
(6, 148, 2, 2, 0),
(6, 166, 0, 1, 0),
(6, 172, 2, 0, 0),
(6, 176, 1, 0, 0),
(6, 213, 0, 2, 1),
(6, 227, 2, 0, 1),
(6, 233, 0, 2, 0),
(6, 247, 1, 1, 0),
(6, 261, 2, 0, 0),
(6, 262, 1, 1, 0),
(6, 266, 1, 1, 0),
(6, 268, 1, 1, 0),
(6, 289, 1, 1, 0),
(6, 291, 2, 0, 0),
(6, 292, 2, 0, 0),
(6, 294, 2, 0, 0),
(6, 304, 2, 0, 0),
(6, 310, 2, 0, 0),
(7, 6, 2, 2, 0),
(7, 7, 2, 2, 0),
(7, 16, 1, 0, 0),
(7, 49, 1, 0, 0),
(7, 53, 1, 0, 0),
(7, 70, 2, 0, 0),
(7, 98, 1, 0, 0),
(7, 100, 2, 0, 0),
(7, 116, 2, 1, 0),
(7, 147, 2, 2, 0),
(7, 170, 2, 0, 0),
(7, 178, 2, 0, 0),
(7, 203, 2, 0, 2),
(7, 216, 2, 1, 2),
(7, 217, 2, 0, 0),
(7, 227, 2, 0, 1),
(7, 235, 2, 0, 0),
(7, 247, 1, 1, 0),
(7, 262, 2, 0, 0),
(7, 271, 1, 0, 0),
(7, 275, 2, 0, 0),
(7, 276, 2, 0, 1),
(7, 277, 0, 2, 0),
(7, 280, 2, 0, 0),
(7, 290, 0, 1, 1),
(7, 291, 2, 0, 0),
(7, 293, 2, 0, 2),
(7, 304, 1, 2, 0),
(7, 308, 1, 2, 0),
(8, 8, 1, 0, 0),
(8, 99, 1, 0, 0),
(8, 101, 1, 2, 0),
(8, 118, 2, 0, 0),
(8, 145, 2, 0, 0),
(8, 179, 1, 1, 0),
(8, 217, 2, 0, 0),
(8, 218, 2, 0, 0),
(8, 240, 2, 0, 0),
(8, 250, 2, 0, 0),
(8, 253, 2, 1, 0),
(8, 256, 1, 0, 0),
(8, 271, 2, 0, 0),
(8, 280, 2, 0, 0),
(8, 291, 0, 2, 0),
(8, 303, 2, 0, 0),
(8, 310, 0, 2, 0),
(8, 314, 2, 1, 0),
(9, 30, 2, 2, 0),
(9, 113, 2, 0, 0),
(9, 119, 2, 0, 0),
(9, 146, 0, 2, 0),
(9, 151, 1, 2, 0),
(9, 180, 0, 1, 0),
(9, 188, 2, 0, 0),
(9, 207, 2, 0, 0),
(9, 217, 2, 0, 0),
(9, 240, 0, 2, 0),
(9, 252, 2, 0, 0),
(9, 271, 2, 0, 0),
(9, 280, 2, 0, 0),
(9, 291, 1, 1, 0),
(9, 304, 1, 2, 1),
(9, 312, 2, 0, 0),
(12, 211, 2, 0, 0),
(12, 241, 2, 0, 0),
(12, 248, 2, 0, 0),
(12, 274, 2, 0, 0),
(12, 279, 2, 1, 0),
(12, 280, 2, 0, 0),
(12, 295, 2, 2, 1),
(13, 241, 2, 0, 0),
(13, 248, 2, 0, 0),
(13, 274, 1, 2, 0),
(13, 279, 2, 0, 0),
(13, 280, 2, 0, 0),
(13, 296, 2, 0, 0),
(14, 241, 1, 1, 3),
(14, 249, 2, 0, 1),
(14, 280, 2, 0, 0),
(14, 297, 1, 0, 0),
(14, 309, 2, 0, 0),
(15, 244, 2, 2, 0),
(15, 249, 1, 2, 1),
(15, 280, 2, 0, 0),
(15, 309, 2, 1, 0),
(16, 2, 1, 3, 0),
(16, 32, 2, 0, 0),
(16, 46, 1, 2, 0),
(16, 52, 1, 0, 0),
(16, 67, 2, 1, 0),
(16, 89, 2, 1, 0),
(16, 91, 1, 2, 0),
(16, 105, 1, 4, 0),
(16, 114, 1, 3, 0),
(16, 129, 2, 3, 0),
(16, 138, 3, 0, 0),
(16, 158, 2, 0, 0),
(16, 173, 2, 2, 0),
(16, 175, 2, 1, 0),
(16, 183, 2, 3, 0),
(16, 214, 2, 1, 2),
(16, 217, 2, 0, 0),
(16, 221, 2, 2, 0),
(16, 224, 1, 2, 0),
(16, 228, 1, 2, 0),
(16, 230, 2, 1, 1),
(16, 237, 2, 2, 0),
(16, 251, 2, 1, 2),
(16, 253, 1, 2, 0),
(16, 259, 1, 1, 0),
(16, 261, 1, 3, 0),
(16, 266, 1, 2, 0),
(16, 270, 3, 0, 0),
(16, 272, 1, 2, 0),
(16, 278, 1, 2, 0),
(16, 288, 0, 3, 0),
(16, 289, 1, 1, 1),
(16, 292, 1, 2, 0),
(16, 307, 1, 2, 0),
(16, 313, 2, 1, 1),
(16, 317, 1, 2, 0),
(17, 39, 2, 0, 0),
(17, 72, 2, 3, 0),
(17, 110, 2, 2, 0),
(17, 121, 2, 2, 0),
(17, 139, 3, 0, 0),
(17, 152, 0, 2, 0),
(17, 190, 2, 1, 0),
(17, 192, 3, 0, 0),
(17, 206, 1, 0, 0),
(17, 217, 2, 0, 0),
(17, 229, 1, 3, 0),
(17, 235, 0, 3, 0),
(17, 254, 3, 0, 0),
(17, 257, 2, 1, 1),
(17, 271, 2, 0, 0),
(17, 273, 3, 0, 0),
(17, 278, 1, 2, 0),
(17, 280, 2, 0, 0),
(17, 292, 2, 1, 0),
(17, 294, 1, 1, 1),
(17, 298, 1, 2, 0),
(18, 40, 1, 1, 0),
(18, 73, 2, 2, 0),
(18, 122, 2, 1, 0),
(18, 141, 1, 2, 0),
(18, 153, 1, 2, 0),
(18, 197, 2, 2, 0),
(18, 217, 2, 0, 0),
(18, 239, 2, 1, 0),
(18, 256, 1, 0, 0),
(18, 280, 2, 0, 0),
(18, 284, 2, 3, 0),
(18, 293, 1, 3, 0),
(18, 295, 1, 0, 0),
(18, 298, 2, 1, 0),
(18, 308, 1, 2, 0);

-- --------------------------------------------------------

--
-- Table structure for table `room_size`
--

CREATE TABLE IF NOT EXISTS `room_size` (
  `room_id` int(10) NOT NULL,
  `room_description` varchar(250) NOT NULL
) ENGINE=InnoDB AUTO_INCREMENT=4 DEFAULT CHARSET=latin1;

--
-- Dumping data for table `room_size`
--

INSERT INTO `room_size` (`room_id`, `room_description`) VALUES
(1, 'Single'),
(2, 'Double'),
(3, 'Triple');

-- --------------------------------------------------------

--
-- Table structure for table `room_type`
--

CREATE TABLE IF NOT EXISTS `room_type` (
  `cat_id` int(250) NOT NULL,
  `category` varchar(250) NOT NULL
) ENGINE=InnoDB AUTO_INCREMENT=4 DEFAULT CHARSET=latin1;

--
-- Dumping data for table `room_type`
--

INSERT INTO `room_type` (`cat_id`, `category`) VALUES
(1, 'Standard'),
(2, 'Deluxe'),
(3, 'Superior');

-- --------------------------------------------------------

--
-- Table structure for table `season`
--

CREATE TABLE IF NOT EXISTS `season` (
  `season_id` int(250) NOT NULL,
  `season_name` varchar(250) NOT NULL,
  `start_date` date NOT NULL,
  `end_date` date NOT NULL
) ENGINE=InnoDB AUTO_INCREMENT=3 DEFAULT CHARSET=latin1;

--
-- Dumping data for table `season`
--

INSERT INTO `season` (`season_id`, `season_name`, `start_date`, `end_date`) VALUES
(1, 'Easter', '2015-01-01', '2015-04-05'),
(2, 'Pick Season', '2015-04-06', '2015-12-31');

-- --------------------------------------------------------

--
-- Table structure for table `section`
--

CREATE TABLE IF NOT EXISTS `section` (
  `section_id` int(250) NOT NULL,
  `section_name` varchar(250) NOT NULL
) ENGINE=InnoDB AUTO_INCREMENT=6 DEFAULT CHARSET=latin1;

--
-- Dumping data for table `section`
--

INSERT INTO `section` (`section_id`, `section_name`) VALUES
(1, 'Sports Bar'),
(2, 'Lounge'),
(3, 'Rides'),
(4, 'Food court'),
(5, 'Accommodation');

-- --------------------------------------------------------

--
-- Table structure for table `users`
--

CREATE TABLE IF NOT EXISTS `users` (
  `user_id` int(250) NOT NULL,
  `useremail` varchar(250) NOT NULL,
  `username` varchar(250) NOT NULL,
  `password` varchar(250) NOT NULL,
  `role` int(11) NOT NULL
) ENGINE=InnoDB AUTO_INCREMENT=6 DEFAULT CHARSET=latin1;

--
-- Dumping data for table `users`
--

INSERT INTO `users` (`user_id`, `useremail`, `username`, `password`, `role`) VALUES
(1, 'benard@starletcentre.co.ke', 'admin', '434d711276d2ed2068e7a02499fac15c', 1),
(2, 'benard@starletcentre.co.ke', 'Benard', '7fe4771c008a22eb763df47d19e2c6aa', 2),
(3, 'change@starletcentre.co.ke', 'Sheila', 'ed52efced6f7f5438c91fe8293eed992', 1),
(4, 'grace@chakaranch.com', 'Grace', '8ff861bcfd87bd85e9b207ea74cb6596', 1),
(5, 'mkala@chakaranch.com', 'Mkala', '73835516e4560c5f37e0182ecc912191', 1);

--
-- Indexes for dumped tables
--

--
-- Indexes for table `customer`
--
ALTER TABLE `customer`
  ADD PRIMARY KEY (`cust_id`);

--
-- Indexes for table `email`
--
ALTER TABLE `email`
  ADD PRIMARY KEY (`id`);

--
-- Indexes for table `invoice`
--
ALTER TABLE `invoice`
  ADD PRIMARY KEY (`invoice_number`), ADD KEY `section_id` (`section_id`,`cust_id`,`user_id`), ADD KEY `cust_id` (`cust_id`,`user_id`), ADD KEY `user_id` (`user_id`);

--
-- Indexes for table `mpesa`
--
ALTER TABLE `mpesa`
  ADD PRIMARY KEY (`transaction_date`);

--
-- Indexes for table `payment`
--
ALTER TABLE `payment`
  ADD PRIMARY KEY (`pay_id`), ADD KEY `invoice_id` (`section_id`), ADD KEY `section_id` (`section_id`), ADD KEY `cust_id` (`cust_id`);

--
-- Indexes for table `reservation`
--
ALTER TABLE `reservation`
  ADD PRIMARY KEY (`order_id`), ADD UNIQUE KEY `order_id` (`order_id`), ADD KEY `cust_id` (`cust_id`), ADD KEY `invoice_number` (`invoice_number`), ADD KEY `user_id` (`user_id`);

--
-- Indexes for table `room`
--
ALTER TABLE `room`
  ADD PRIMARY KEY (`room_no`), ADD KEY `cat_id` (`cat_id`), ADD KEY `room_id` (`room_id`);

--
-- Indexes for table `room_rates`
--
ALTER TABLE `room_rates`
  ADD PRIMARY KEY (`room_id`,`cat_id`,`season_id`), ADD KEY `season_id` (`season_id`), ADD KEY `cat_id` (`cat_id`);

--
-- Indexes for table `room_reservation`
--
ALTER TABLE `room_reservation`
  ADD PRIMARY KEY (`room_no`,`order_id`), ADD KEY `room_no` (`room_no`,`order_id`), ADD KEY `order_id` (`order_id`);

--
-- Indexes for table `room_size`
--
ALTER TABLE `room_size`
  ADD PRIMARY KEY (`room_id`);

--
-- Indexes for table `room_type`
--
ALTER TABLE `room_type`
  ADD PRIMARY KEY (`cat_id`);

--
-- Indexes for table `season`
--
ALTER TABLE `season`
  ADD PRIMARY KEY (`season_id`);

--
-- Indexes for table `section`
--
ALTER TABLE `section`
  ADD PRIMARY KEY (`section_id`);

--
-- Indexes for table `users`
--
ALTER TABLE `users`
  ADD PRIMARY KEY (`user_id`,`useremail`);

--
-- AUTO_INCREMENT for dumped tables
--

--
-- AUTO_INCREMENT for table `customer`
--
ALTER TABLE `customer`
  MODIFY `cust_id` int(250) NOT NULL AUTO_INCREMENT,AUTO_INCREMENT=275;
--
-- AUTO_INCREMENT for table `email`
--
ALTER TABLE `email`
  MODIFY `id` int(50) NOT NULL AUTO_INCREMENT,AUTO_INCREMENT=1096;
--
-- AUTO_INCREMENT for table `invoice`
--
ALTER TABLE `invoice`
  MODIFY `invoice_number` int(250) NOT NULL AUTO_INCREMENT,AUTO_INCREMENT=281;
--
-- AUTO_INCREMENT for table `payment`
--
ALTER TABLE `payment`
  MODIFY `pay_id` int(250) NOT NULL AUTO_INCREMENT,AUTO_INCREMENT=116;
--
-- AUTO_INCREMENT for table `reservation`
--
ALTER TABLE `reservation`
  MODIFY `order_id` int(250) NOT NULL AUTO_INCREMENT,AUTO_INCREMENT=319;
--
-- AUTO_INCREMENT for table `room_size`
--
ALTER TABLE `room_size`
  MODIFY `room_id` int(10) NOT NULL AUTO_INCREMENT,AUTO_INCREMENT=4;
--
-- AUTO_INCREMENT for table `room_type`
--
ALTER TABLE `room_type`
  MODIFY `cat_id` int(250) NOT NULL AUTO_INCREMENT,AUTO_INCREMENT=4;
--
-- AUTO_INCREMENT for table `season`
--
ALTER TABLE `season`
  MODIFY `season_id` int(250) NOT NULL AUTO_INCREMENT,AUTO_INCREMENT=3;
--
-- AUTO_INCREMENT for table `section`
--
ALTER TABLE `section`
  MODIFY `section_id` int(250) NOT NULL AUTO_INCREMENT,AUTO_INCREMENT=6;
--
-- AUTO_INCREMENT for table `users`
--
ALTER TABLE `users`
  MODIFY `user_id` int(250) NOT NULL AUTO_INCREMENT,AUTO_INCREMENT=6;
--
-- Constraints for dumped tables
--

--
-- Constraints for table `invoice`
--
ALTER TABLE `invoice`
ADD CONSTRAINT `invoice_ibfk_1` FOREIGN KEY (`section_id`) REFERENCES `section` (`section_id`) ON DELETE CASCADE ON UPDATE CASCADE,
ADD CONSTRAINT `invoice_ibfk_2` FOREIGN KEY (`cust_id`) REFERENCES `customer` (`cust_id`) ON DELETE CASCADE ON UPDATE CASCADE,
ADD CONSTRAINT `invoice_ibfk_3` FOREIGN KEY (`user_id`) REFERENCES `users` (`user_id`) ON DELETE CASCADE ON UPDATE CASCADE;

--
-- Constraints for table `payment`
--
ALTER TABLE `payment`
ADD CONSTRAINT `payment_ibfk_1` FOREIGN KEY (`section_id`) REFERENCES `section` (`section_id`) ON DELETE CASCADE ON UPDATE CASCADE,
ADD CONSTRAINT `payment_ibfk_2` FOREIGN KEY (`cust_id`) REFERENCES `customer` (`cust_id`) ON DELETE CASCADE ON UPDATE CASCADE;

--
-- Constraints for table `reservation`
--
ALTER TABLE `reservation`
ADD CONSTRAINT `reservation_ibfk_2` FOREIGN KEY (`cust_id`) REFERENCES `customer` (`cust_id`) ON DELETE CASCADE ON UPDATE CASCADE,
ADD CONSTRAINT `reservation_ibfk_4` FOREIGN KEY (`user_id`) REFERENCES `users` (`user_id`) ON DELETE CASCADE ON UPDATE CASCADE;

--
-- Constraints for table `room`
--
ALTER TABLE `room`
ADD CONSTRAINT `room_ibfk_1` FOREIGN KEY (`cat_id`) REFERENCES `room_type` (`cat_id`),
ADD CONSTRAINT `room_ibfk_2` FOREIGN KEY (`room_id`) REFERENCES `room_size` (`room_id`);

--
-- Constraints for table `room_rates`
--
ALTER TABLE `room_rates`
ADD CONSTRAINT `room_rates_ibfk_3` FOREIGN KEY (`season_id`) REFERENCES `season` (`season_id`),
ADD CONSTRAINT `room_rates_ibfk_4` FOREIGN KEY (`room_id`) REFERENCES `room_size` (`room_id`),
ADD CONSTRAINT `room_rates_ibfk_5` FOREIGN KEY (`cat_id`) REFERENCES `room_type` (`cat_id`);

--
-- Constraints for table `room_reservation`
--
ALTER TABLE `room_reservation`
ADD CONSTRAINT `room_reservation_ibfk_1` FOREIGN KEY (`room_no`) REFERENCES `room` (`room_no`) ON DELETE CASCADE ON UPDATE CASCADE,
ADD CONSTRAINT `room_reservation_ibfk_2` FOREIGN KEY (`order_id`) REFERENCES `reservation` (`order_id`) ON DELETE CASCADE ON UPDATE CASCADE;

/*!40101 SET CHARACTER_SET_CLIENT=@OLD_CHARACTER_SET_CLIENT */;
/*!40101 SET CHARACTER_SET_RESULTS=@OLD_CHARACTER_SET_RESULTS */;
/*!40101 SET COLLATION_CONNECTION=@OLD_COLLATION_CONNECTION */;
